,0,1,2,3,4,5,6,7,8,9,10,11,12,13,14,15,16,17,18,19,20,21,22,23,24,25,26,27,28,29,30,31,32,33,34,35,36,37,38,39,40,41,42,43,44,45,46,47,48,49,50,51,52,53,54,55,56,57,58,59,60,61,62,63,64,65,66,67,68,69,70,71,72,73,74,75,76,77,78,79,80,81,82,83,84,85,86,87,88,89,90,91,92,93,94,95,96,97,98
0,1.0,0.9764900020268343,0.9221510885975499,0.8577133041680722,0.7930749506956726,0.7322429185666586,0.6765920740534952,0.6263409946717272,0.5812200677438176,0.5407768907096185,0.504515274043211,0.0,0.0,0.0,0.0,0.0,0.0,0.0,0.0,0.0,0.0,0.0,0.0,0.0,0.0,0.0,0.0,0.0,0.0,0.0,0.0,0.0,0.0,0.0,0.0,0.0,0.0,0.0,0.0,0.0,0.0,0.0,0.0,0.0,0.0,0.0,0.0,0.0,0.0,0.0,0.0,0.0,0.0,0.0,0.0,0.0,0.0,0.0,0.0,0.0,0.0,0.0,0.0,0.0,0.0,0.0,0.0,0.0,0.0,0.0,0.0,0.0,0.0,0.0,0.0,0.0,0.0,0.0,0.0,0.0,0.0,0.0,0.0,0.0,0.0,0.0,0.0,0.0,0.0,0.0,0.0,0.0,0.0,0.0,0.0,0.0,0.0,0.0,0.0
1,0.9764900020268343,1.0,0.9457637571045612,0.8869668351200451,0.8252847892215419,0.765801153115497,0.7104934044913207,0.659966515911276,0.6141988353132076,0.5728961744779022,0.5356628586144792,0.5020836460013689,0.0,0.0,0.0,0.0,0.0,0.0,0.0,0.0,0.0,0.0,0.0,0.0,0.0,0.0,0.0,0.0,0.0,0.0,0.0,0.0,0.0,0.0,0.0,0.0,0.0,0.0,0.0,0.0,0.0,0.0,0.0,0.0,0.0,0.0,0.0,0.0,0.0,0.0,0.0,0.0,0.0,0.0,0.0,0.0,0.0,0.0,0.0,0.0,0.0,0.0,0.0,0.0,0.0,0.0,0.0,0.0,0.0,0.0,0.0,0.0,0.0,0.0,0.0,0.0,0.0,0.0,0.0,0.0,0.0,0.0,0.0,0.0,0.0,0.0,0.0,0.0,0.0,0.0,0.0,0.0,0.0,0.0,0.0,0.0,0.0,0.0,0.0
2,0.9221510885975499,0.9457637571045612,1.0,0.92611546530877,0.8652383604867984,0.8051348192830483,0.7487177584148644,0.6968662488074248,0.6496900080140343,0.6069673936480872,0.5683440193120076,0.5334276255077433,0.5018329958844355,0.0,0.0,0.0,0.0,0.0,0.0,0.0,0.0,0.0,0.0,0.0,0.0,0.0,0.0,0.0,0.0,0.0,0.0,0.0,0.0,0.0,0.0,0.0,0.0,0.0,0.0,0.0,0.0,0.0,0.0,0.0,0.0,0.0,0.0,0.0,0.0,0.0,0.0,0.0,0.0,0.0,0.0,0.0,0.0,0.0,0.0,0.0,0.0,0.0,0.0,0.0,0.0,0.0,0.0,0.0,0.0,0.0,0.0,0.0,0.0,0.0,0.0,0.0,0.0,0.0,0.0,0.0,0.0,0.0,0.0,0.0,0.0,0.0,0.0,0.0,0.0,0.0,0.0,0.0,0.0,0.0,0.0,0.0,0.0,0.0,0.0
3,0.8577133041680722,0.8869668351200451,0.92611546530877,1.0,0.9118698054068439,0.8501327523988174,0.7913450971191585,0.7371776003100016,0.6878450164314377,0.6431386809987583,0.6026965480989949,0.5661133924972033,0.5329900815714063,0.502954999306984,0.0,0.0,0.0,0.0,0.0,0.0,0.0,0.0,0.0,0.0,0.0,0.0,0.0,0.0,0.0,0.0,0.0,0.0,0.0,0.0,0.0,0.0,0.0,0.0,0.0,0.0,0.0,0.0,0.0,0.0,0.0,0.0,0.0,0.0,0.0,0.0,0.0,0.0,0.0,0.0,0.0,0.0,0.0,0.0,0.0,0.0,0.0,0.0,0.0,0.0,0.0,0.0,0.0,0.0,0.0,0.0,0.0,0.0,0.0,0.0,0.0,0.0,0.0,0.0,0.0,0.0,0.0,0.0,0.0,0.0,0.0,0.0,0.0,0.0,0.0,0.0,0.0,0.0,0.0,0.0,0.0,0.0,0.0,0.0,0.0
4,0.7930749506956726,0.8252847892215419,0.8652383604867984,0.9118698054068439,1.0,0.900863217221419,0.8389413636536674,0.7813743421218916,0.7290363247144479,0.6817052465453419,0.6389583009859476,0.6003356030343759,0.565394156566341,0.5337276304714094,0.5049721774053617,0.0,0.0,0.0,0.0,0.0,0.0,0.0,0.0,0.0,0.0,0.0,0.0,0.0,0.0,0.0,0.0,0.0,0.0,0.0,0.0,0.0,0.0,0.0,0.0,0.0,0.0,0.0,0.0,0.0,0.0,0.0,0.0,0.0,0.0,0.0,0.0,0.0,0.0,0.0,0.0,0.0,0.0,0.0,0.0,0.0,0.0,0.0,0.0,0.0,0.0,0.0,0.0,0.0,0.0,0.0,0.0,0.0,0.0,0.0,0.0,0.0,0.0,0.0,0.0,0.0,0.0,0.0,0.0,0.0,0.0,0.0,0.0,0.0,0.0,0.0,0.0,0.0,0.0,0.0,0.0,0.0,0.0,0.0,0.0
5,0.7322429185666586,0.765801153115497,0.8051348192830483,0.8501327523988174,0.900863217221419,1.0,0.8920185902190565,0.8303103157911016,0.7739086891021689,0.7231436808657522,0.6774894026788539,0.6363732606488804,0.5992662264620856,0.5656982213551898,0.5352576048874431,0.5075861434968517,0.0,0.0,0.0,0.0,0.0,0.0,0.0,0.0,0.0,0.0,0.0,0.0,0.0,0.0,0.0,0.0,0.0,0.0,0.0,0.0,0.0,0.0,0.0,0.0,0.0,0.0,0.0,0.0,0.0,0.0,0.0,0.0,0.0,0.0,0.0,0.0,0.0,0.0,0.0,0.0,0.0,0.0,0.0,0.0,0.0,0.0,0.0,0.0,0.0,0.0,0.0,0.0,0.0,0.0,0.0,0.0,0.0,0.0,0.0,0.0,0.0,0.0,0.0,0.0,0.0,0.0,0.0,0.0,0.0,0.0,0.0,0.0,0.0,0.0,0.0,0.0,0.0,0.0,0.0,0.0,0.0,0.0,0.0
6,0.6765920740534952,0.7104934044913207,0.7487177584148644,0.7913450971191585,0.8389413636536674,0.8920185902190565,1.0,0.8847170936195152,0.8234677068813164,0.7681871042024425,0.7188193751047941,0.6746190646232724,0.6349056688689788,0.599100591869869,0.5667146651662248,0.5373330337823033,0.5106022933255279,0.0,0.0,0.0,0.0,0.0,0.0,0.0,0.0,0.0,0.0,0.0,0.0,0.0,0.0,0.0,0.0,0.0,0.0,0.0,0.0,0.0,0.0,0.0,0.0,0.0,0.0,0.0,0.0,0.0,0.0,0.0,0.0,0.0,0.0,0.0,0.0,0.0,0.0,0.0,0.0,0.0,0.0,0.0,0.0,0.0,0.0,0.0,0.0,0.0,0.0,0.0,0.0,0.0,0.0,0.0,0.0,0.0,0.0,0.0,0.0,0.0,0.0,0.0,0.0,0.0,0.0,0.0,0.0,0.0,0.0,0.0,0.0,0.0,0.0,0.0,0.0,0.0,0.0,0.0,0.0,0.0,0.0
7,0.6263409946717272,0.659966515911276,0.6968662488074248,0.7371776003100016,0.7813743421218916,0.8303103157911016,0.8847170936195152,1.0,0.8785693070895209,0.817933641378423,0.763733122041407,0.7156322891271595,0.6727227641474567,0.6342446408396002,0.5995834390532592,0.5682367760587206,0.5397883840932037,0.513889427530355,0.0,0.0,0.0,0.0,0.0,0.0,0.0,0.0,0.0,0.0,0.0,0.0,0.0,0.0,0.0,0.0,0.0,0.0,0.0,0.0,0.0,0.0,0.0,0.0,0.0,0.0,0.0,0.0,0.0,0.0,0.0,0.0,0.0,0.0,0.0,0.0,0.0,0.0,0.0,0.0,0.0,0.0,0.0,0.0,0.0,0.0,0.0,0.0,0.0,0.0,0.0,0.0,0.0,0.0,0.0,0.0,0.0,0.0,0.0,0.0,0.0,0.0,0.0,0.0,0.0,0.0,0.0,0.0,0.0,0.0,0.0,0.0,0.0,0.0,0.0,0.0,0.0,0.0,0.0,0.0,0.0
8,0.5812200677438176,0.6141988353132076,0.6496900080140343,0.6878450164314377,0.7290363247144479,0.7739086891021689,0.8234677068813164,0.8785693070895209,1.0,0.8733140757827126,0.8133907302812554,0.7602309641102777,0.7132947296428757,0.6715505542450493,0.6341792666906506,0.6005403089793192,0.5701224157160845,0.5425093406429375,0.5173567509149589,0.0,0.0,0.0,0.0,0.0,0.0,0.0,0.0,0.0,0.0,0.0,0.0,0.0,0.0,0.0,0.0,0.0,0.0,0.0,0.0,0.0,0.0,0.0,0.0,0.0,0.0,0.0,0.0,0.0,0.0,0.0,0.0,0.0,0.0,0.0,0.0,0.0,0.0,0.0,0.0,0.0,0.0,0.0,0.0,0.0,0.0,0.0,0.0,0.0,0.0,0.0,0.0,0.0,0.0,0.0,0.0,0.0,0.0,0.0,0.0,0.0,0.0,0.0,0.0,0.0,0.0,0.0,0.0,0.0,0.0,0.0,0.0,0.0,0.0,0.0,0.0,0.0,0.0,0.0,0.0
9,0.5407768907096185,0.5728961744779022,0.6069673936480872,0.6431386809987583,0.6817052465453419,0.7231436808657522,0.7681871042024425,0.817933641378423,0.8733140757827126,1.0,0.8687677878584955,0.8096190444992398,0.757462014777118,0.711606843291268,0.6709279645562582,0.63456160326447,0.6018483116633343,0.572271164205886,0.5454150432264895,0.520940114709872,0.0,0.0,0.0,0.0,0.0,0.0,0.0,0.0,0.0,0.0,0.0,0.0,0.0,0.0,0.0,0.0,0.0,0.0,0.0,0.0,0.0,0.0,0.0,0.0,0.0,0.0,0.0,0.0,0.0,0.0,0.0,0.0,0.0,0.0,0.0,0.0,0.0,0.0,0.0,0.0,0.0,0.0,0.0,0.0,0.0,0.0,0.0,0.0,0.0,0.0,0.0,0.0,0.0,0.0,0.0,0.0,0.0,0.0,0.0,0.0,0.0,0.0,0.0,0.0,0.0,0.0,0.0,0.0,0.0,0.0,0.0,0.0,0.0,0.0,0.0,0.0,0.0,0.0,0.0
10,0.504515274043211,0.5356628586144792,0.5683440193120076,0.6026965480989949,0.6389583009859476,0.6774894026788539,0.7188193751047941,0.763733122041407,0.8133907302812554,0.8687677878584955,1.0,0.8647965353745806,0.8064605222609207,0.7552696010960266,0.7104252571400111,0.6707295422871536,0.6352850189538812,0.6034187229678432,0.5746104911343863,0.5484471767412504,0.524593449970884,0.0,0.0,0.0,0.0,0.0,0.0,0.0,0.0,0.0,0.0,0.0,0.0,0.0,0.0,0.0,0.0,0.0,0.0,0.0,0.0,0.0,0.0,0.0,0.0,0.0,0.0,0.0,0.0,0.0,0.0,0.0,0.0,0.0,0.0,0.0,0.0,0.0,0.0,0.0,0.0,0.0,0.0,0.0,0.0,0.0,0.0,0.0,0.0,0.0,0.0,0.0,0.0,0.0,0.0,0.0,0.0,0.0,0.0,0.0,0.0,0.0,0.0,0.0,0.0,0.0,0.0,0.0,0.0,0.0,0.0,0.0,0.0,0.0,0.0,0.0,0.0,0.0,0.0
11,0.0,0.5020836460013689,0.5334276255077433,0.5661133924972033,0.6003356030343759,0.6363732606488804,0.6746190646232724,0.7156322891271595,0.7602309641102777,0.8096190444992398,0.8647965353745806,1.0,0.8612997575497925,0.8037981742812879,0.7535382416466119,0.7096443695195517,0.6708628476063513,0.6362709117187793,0.6051861660959791,0.5770870492027214,0.5515630209140817,0.528283250777924,0.0,0.0,0.0,0.0,0.0,0.0,0.0,0.0,0.0,0.0,0.0,0.0,0.0,0.0,0.0,0.0,0.0,0.0,0.0,0.0,0.0,0.0,0.0,0.0,0.0,0.0,0.0,0.0,0.0,0.0,0.0,0.0,0.0,0.0,0.0,0.0,0.0,0.0,0.0,0.0,0.0,0.0,0.0,0.0,0.0,0.0,0.0,0.0,0.0,0.0,0.0,0.0,0.0,0.0,0.0,0.0,0.0,0.0,0.0,0.0,0.0,0.0,0.0,0.0,0.0,0.0,0.0,0.0,0.0,0.0,0.0,0.0,0.0,0.0,0.0,0.0,0.0
12,0.0,0.0,0.5018329958844355,0.5329900815714063,0.565394156566341,0.5992662264620856,0.6349056688689788,0.6727227641474567,0.7132947296428757,0.757462014777118,0.8064605222609207,0.8612997575497925,1.0,0.8582001026725781,0.8015432863783439,0.7521808090440036,0.7091846700430068,0.6712583570151004,0.6374602393115801,0.6071016396091383,0.5796610068033103,0.5547308836705217,0.531984918495276,0.0,0.0,0.0,0.0,0.0,0.0,0.0,0.0,0.0,0.0,0.0,0.0,0.0,0.0,0.0,0.0,0.0,0.0,0.0,0.0,0.0,0.0,0.0,0.0,0.0,0.0,0.0,0.0,0.0,0.0,0.0,0.0,0.0,0.0,0.0,0.0,0.0,0.0,0.0,0.0,0.0,0.0,0.0,0.0,0.0,0.0,0.0,0.0,0.0,0.0,0.0,0.0,0.0,0.0,0.0,0.0,0.0,0.0,0.0,0.0,0.0,0.0,0.0,0.0,0.0,0.0,0.0,0.0,0.0,0.0,0.0,0.0,0.0,0.0,0.0,0.0
13,0.0,0.0,0.0,0.502954999306984,0.5337276304714094,0.5656982213551898,0.599100591869869,0.6342446408396002,0.6715505542450493,0.711606843291268,0.7552696010960266,0.8037981742812879,0.8582001026725781,1.0,0.855436867070328,0.7996272033462153,0.751130263233361,0.7089851683959513,0.6718628660110681,0.6388079382983359,0.6091278850894787,0.5823022525529725,0.5579270203365865,0.5356802791126947,0.0,0.0,0.0,0.0,0.0,0.0,0.0,0.0,0.0,0.0,0.0,0.0,0.0,0.0,0.0,0.0,0.0,0.0,0.0,0.0,0.0,0.0,0.0,0.0,0.0,0.0,0.0,0.0,0.0,0.0,0.0,0.0,0.0,0.0,0.0,0.0,0.0,0.0,0.0,0.0,0.0,0.0,0.0,0.0,0.0,0.0,0.0,0.0,0.0,0.0,0.0,0.0,0.0,0.0,0.0,0.0,0.0,0.0,0.0,0.0,0.0,0.0,0.0,0.0,0.0,0.0,0.0,0.0,0.0,0.0,0.0,0.0,0.0,0.0,0.0
14,0.0,0.0,0.0,0.0,0.5049721774053617,0.5352576048874431,0.5667146651662248,0.5995834390532592,0.6341792666906506,0.6709279645562582,0.7104252571400111,0.7535382416466119,0.8015432863783439,0.855436867070328,1.0,0.8529615947846173,0.7979958651365108,0.7503341463092349,0.7089983283224967,0.6726350477514375,0.640279142285749,0.6112362276618243,0.5849877904845444,0.5611335072183773,0.5393558610167997,0.0,0.0,0.0,0.0,0.0,0.0,0.0,0.0,0.0,0.0,0.0,0.0,0.0,0.0,0.0,0.0,0.0,0.0,0.0,0.0,0.0,0.0,0.0,0.0,0.0,0.0,0.0,0.0,0.0,0.0,0.0,0.0,0.0,0.0,0.0,0.0,0.0,0.0,0.0,0.0,0.0,0.0,0.0,0.0,0.0,0.0,0.0,0.0,0.0,0.0,0.0,0.0,0.0,0.0,0.0,0.0,0.0,0.0,0.0,0.0,0.0,0.0,0.0,0.0,0.0,0.0,0.0,0.0,0.0,0.0,0.0,0.0,0.0,0.0
15,0.0,0.0,0.0,0.0,0.0,0.5075861434968517,0.5373330337823033,0.5682367760587206,0.6005403089793192,0.63456160326447,0.6707295422871536,0.7096443695195517,0.7521808090440036,0.7996272033462153,0.8529615947846173,1.0,0.85073503644735,0.7966060636084119,0.7497508101095606,0.7091865846278642,0.6735423854727783,0.6418465566611348,0.6134043715869586,0.5876999139053223,0.5643367443838699,0.5430016778922242,0.0,0.0,0.0,0.0,0.0,0.0,0.0,0.0,0.0,0.0,0.0,0.0,0.0,0.0,0.0,0.0,0.0,0.0,0.0,0.0,0.0,0.0,0.0,0.0,0.0,0.0,0.0,0.0,0.0,0.0,0.0,0.0,0.0,0.0,0.0,0.0,0.0,0.0,0.0,0.0,0.0,0.0,0.0,0.0,0.0,0.0,0.0,0.0,0.0,0.0,0.0,0.0,0.0,0.0,0.0,0.0,0.0,0.0,0.0,0.0,0.0,0.0,0.0,0.0,0.0,0.0,0.0,0.0,0.0,0.0,0.0,0.0,0.0
16,0.0,0.0,0.0,0.0,0.0,0.0,0.5106022933255279,0.5397883840932037,0.5701224157160845,0.6018483116633343,0.6352850189538812,0.6708628476063513,0.7091846700430068,0.751130263233361,0.7979958651365108,0.85073503644735,1.0,0.8487249929557212,0.7954228117632203,0.7493467667654717,0.7095198916242315,0.6745590059897563,0.6434885973493876,0.6156148313489643,0.5904249010097392,0.5675263828576883,0.5466103544543115,0.0,0.0,0.0,0.0,0.0,0.0,0.0,0.0,0.0,0.0,0.0,0.0,0.0,0.0,0.0,0.0,0.0,0.0,0.0,0.0,0.0,0.0,0.0,0.0,0.0,0.0,0.0,0.0,0.0,0.0,0.0,0.0,0.0,0.0,0.0,0.0,0.0,0.0,0.0,0.0,0.0,0.0,0.0,0.0,0.0,0.0,0.0,0.0,0.0,0.0,0.0,0.0,0.0,0.0,0.0,0.0,0.0,0.0,0.0,0.0,0.0,0.0,0.0,0.0,0.0,0.0,0.0,0.0,0.0,0.0,0.0,0.0
17,0.0,0.0,0.0,0.0,0.0,0.0,0.0,0.513889427530355,0.5425093406429375,0.572271164205886,0.6034187229678432,0.6362709117187793,0.6712583570151004,0.7089851683959513,0.7503341463092349,0.7966060636084119,0.8487249929557212,1.0,0.8469047522661045,0.7944174534568428,0.7490947876031375,0.7099739617647026,0.6756641193671057,0.6451880465336093,0.6178537952863808,0.5931520676665516,0.5706945439371098,0.55017648933378,0.0,0.0,0.0,0.0,0.0,0.0,0.0,0.0,0.0,0.0,0.0,0.0,0.0,0.0,0.0,0.0,0.0,0.0,0.0,0.0,0.0,0.0,0.0,0.0,0.0,0.0,0.0,0.0,0.0,0.0,0.0,0.0,0.0,0.0,0.0,0.0,0.0,0.0,0.0,0.0,0.0,0.0,0.0,0.0,0.0,0.0,0.0,0.0,0.0,0.0,0.0,0.0,0.0,0.0,0.0,0.0,0.0,0.0,0.0,0.0,0.0,0.0,0.0,0.0,0.0,0.0,0.0,0.0,0.0,0.0,0.0
18,0.0,0.0,0.0,0.0,0.0,0.0,0.0,0.0,0.5173567509149589,0.5454150432264895,0.5746104911343863,0.6051861660959791,0.6374602393115801,0.6718628660110681,0.7089983283224967,0.7497508101095606,0.7954228117632203,0.8469047522661045,1.0,0.8452519340164781,0.7935662785718348,0.748972513064398,0.7105289770232693,0.6768408755521271,0.6469310656523588,0.6201102896003052,0.5958730694090819,0.5738352432217466,0.5536961848170121,0.0,0.0,0.0,0.0,0.0,0.0,0.0,0.0,0.0,0.0,0.0,0.0,0.0,0.0,0.0,0.0,0.0,0.0,0.0,0.0,0.0,0.0,0.0,0.0,0.0,0.0,0.0,0.0,0.0,0.0,0.0,0.0,0.0,0.0,0.0,0.0,0.0,0.0,0.0,0.0,0.0,0.0,0.0,0.0,0.0,0.0,0.0,0.0,0.0,0.0,0.0,0.0,0.0,0.0,0.0,0.0,0.0,0.0,0.0,0.0,0.0,0.0,0.0,0.0,0.0,0.0,0.0,0.0,0.0,0.0
19,0.0,0.0,0.0,0.0,0.0,0.0,0.0,0.0,0.0,0.520940114709872,0.5484471767412504,0.5770870492027214,0.6071016396091383,0.6388079382983359,0.6726350477514375,0.7091865846278642,0.7493467667654717,0.7944174534568428,0.8452519340164781,1.0,0.8437476208826316,0.7928494909524398,0.7489614191598513,0.711168630837209,0.6780755135341614,0.6487064600036793,0.6223755547249205,0.5985813802759935,0.5769439604306725,0.5571666957805912,0.0,0.0,0.0,0.0,0.0,0.0,0.0,0.0,0.0,0.0,0.0,0.0,0.0,0.0,0.0,0.0,0.0,0.0,0.0,0.0,0.0,0.0,0.0,0.0,0.0,0.0,0.0,0.0,0.0,0.0,0.0,0.0,0.0,0.0,0.0,0.0,0.0,0.0,0.0,0.0,0.0,0.0,0.0,0.0,0.0,0.0,0.0,0.0,0.0,0.0,0.0,0.0,0.0,0.0,0.0,0.0,0.0,0.0,0.0,0.0,0.0,0.0,0.0,0.0,0.0,0.0,0.0,0.0,0.0
20,0.0,0.0,0.0,0.0,0.0,0.0,0.0,0.0,0.0,0.0,0.524593449970884,0.5515630209140817,0.5796610068033103,0.6091278850894787,0.640279142285749,0.6735423854727783,0.7095198916242315,0.7490947876031375,0.7935662785718348,0.8437476208826316,1.0,0.8423756955319985,0.7922504274135637,0.7490460374641387,0.711879405481782,0.6793567193829493,0.6505051235505195,0.624642574266281,0.6012718990878816,0.5800173145565675,0.5605861649453506,0.0,0.0,0.0,0.0,0.0,0.0,0.0,0.0,0.0,0.0,0.0,0.0,0.0,0.0,0.0,0.0,0.0,0.0,0.0,0.0,0.0,0.0,0.0,0.0,0.0,0.0,0.0,0.0,0.0,0.0,0.0,0.0,0.0,0.0,0.0,0.0,0.0,0.0,0.0,0.0,0.0,0.0,0.0,0.0,0.0,0.0,0.0,0.0,0.0,0.0,0.0,0.0,0.0,0.0,0.0,0.0,0.0,0.0,0.0,0.0,0.0,0.0,0.0,0.0,0.0,0.0,0.0,0.0
21,0.0,0.0,0.0,0.0,0.0,0.0,0.0,0.0,0.0,0.0,0.0,0.528283250777924,0.5547308836705217,0.5823022525529725,0.6112362276618243,0.6418465566611348,0.6745590059897563,0.7099739617647026,0.748972513064398,0.7928494909524398,0.8423756955319985,1.0,0.8411223276003952,0.7917549586039198,0.7492133585181544,0.7126500199119634,0.6806751358193496,0.6523196147602032,0.6269057151507981,0.6039406488273698,0.5830528161321054,0.5639534214192599,0.0,0.0,0.0,0.0,0.0,0.0,0.0,0.0,0.0,0.0,0.0,0.0,0.0,0.0,0.0,0.0,0.0,0.0,0.0,0.0,0.0,0.0,0.0,0.0,0.0,0.0,0.0,0.0,0.0,0.0,0.0,0.0,0.0,0.0,0.0,0.0,0.0,0.0,0.0,0.0,0.0,0.0,0.0,0.0,0.0,0.0,0.0,0.0,0.0,0.0,0.0,0.0,0.0,0.0,0.0,0.0,0.0,0.0,0.0,0.0,0.0,0.0,0.0,0.0,0.0,0.0,0.0
22,0.0,0.0,0.0,0.0,0.0,0.0,0.0,0.0,0.0,0.0,0.0,0.0,0.531984918495276,0.5579270203365865,0.5849877904845444,0.6134043715869586,0.6434885973493876,0.6756641193671057,0.7105289770232693,0.7489614191598513,0.7922504274135637,0.8411223276003952,1.0,0.8399755718696904,0.7913510236740873,0.749452369958003,0.7134710028819391,0.6820229833015882,0.6541438290435013,0.6291604499078629,0.6065845448960189,0.5860486766204104,0.5672678261655617,0.0,0.0,0.0,0.0,0.0,0.0,0.0,0.0,0.0,0.0,0.0,0.0,0.0,0.0,0.0,0.0,0.0,0.0,0.0,0.0,0.0,0.0,0.0,0.0,0.0,0.0,0.0,0.0,0.0,0.0,0.0,0.0,0.0,0.0,0.0,0.0,0.0,0.0,0.0,0.0,0.0,0.0,0.0,0.0,0.0,0.0,0.0,0.0,0.0,0.0,0.0,0.0,0.0,0.0,0.0,0.0,0.0,0.0,0.0,0.0,0.0,0.0,0.0,0.0,0.0,0.0
23,0.0,0.0,0.0,0.0,0.0,0.0,0.0,0.0,0.0,0.0,0.0,0.0,0.0,0.5356802791126947,0.5611335072183773,0.5876999139053223,0.6156148313489643,0.6451880465336093,0.6768408755521271,0.711168630837209,0.7490460374641387,0.7917549586039198,0.8399755718696904,1.0,0.8389250500443485,0.7910282648034417,0.7497536949968662,0.7143343593821768,0.683393764252039,0.6559727433029064,0.6314031403421115,0.6092012149091279,0.5890036605820153,0.5705291526190958,0.0,0.0,0.0,0.0,0.0,0.0,0.0,0.0,0.0,0.0,0.0,0.0,0.0,0.0,0.0,0.0,0.0,0.0,0.0,0.0,0.0,0.0,0.0,0.0,0.0,0.0,0.0,0.0,0.0,0.0,0.0,0.0,0.0,0.0,0.0,0.0,0.0,0.0,0.0,0.0,0.0,0.0,0.0,0.0,0.0,0.0,0.0,0.0,0.0,0.0,0.0,0.0,0.0,0.0,0.0,0.0,0.0,0.0,0.0,0.0,0.0,0.0,0.0,0.0,0.0
24,0.0,0.0,0.0,0.0,0.0,0.0,0.0,0.0,0.0,0.0,0.0,0.0,0.0,0.0,0.5393558610167997,0.5643367443838699,0.5904249010097392,0.6178537952863808,0.6469310656523588,0.6780755135341614,0.711879405481782,0.7492133585181544,0.7913510236740873,0.8389250500443485,1.0,0.8379616961868543,0.7907777372186762,0.7501093066070345,0.7152333074463108,0.6847820300090812,0.6578022149260035,0.6336308675940208,0.611788857457774,0.5919169701917105,0.5737374938744122,0.0,0.0,0.0,0.0,0.0,0.0,0.0,0.0,0.0,0.0,0.0,0.0,0.0,0.0,0.0,0.0,0.0,0.0,0.0,0.0,0.0,0.0,0.0,0.0,0.0,0.0,0.0,0.0,0.0,0.0,0.0,0.0,0.0,0.0,0.0,0.0,0.0,0.0,0.0,0.0,0.0,0.0,0.0,0.0,0.0,0.0,0.0,0.0,0.0,0.0,0.0,0.0,0.0,0.0,0.0,0.0,0.0,0.0,0.0,0.0,0.0,0.0,0.0,0.0
25,0.0,0.0,0.0,0.0,0.0,0.0,0.0,0.0,0.0,0.0,0.0,0.0,0.0,0.0,0.0,0.5430016778922242,0.5675263828576883,0.5931520676665516,0.6201102896003052,0.6487064600036793,0.6793567193829493,0.7126500199119634,0.749452369958003,0.7910282648034417,0.8379616961868543,1.0,0.8370775511973557,0.7905916769574433,0.7505122994688017,0.7161620686226048,0.6861831956184289,0.6596288223187764,0.6358412976059462,0.6143461306158848,0.5947881544417931,0.5768931901323274,0.0,0.0,0.0,0.0,0.0,0.0,0.0,0.0,0.0,0.0,0.0,0.0,0.0,0.0,0.0,0.0,0.0,0.0,0.0,0.0,0.0,0.0,0.0,0.0,0.0,0.0,0.0,0.0,0.0,0.0,0.0,0.0,0.0,0.0,0.0,0.0,0.0,0.0,0.0,0.0,0.0,0.0,0.0,0.0,0.0,0.0,0.0,0.0,0.0,0.0,0.0,0.0,0.0,0.0,0.0,0.0,0.0,0.0,0.0,0.0,0.0,0.0,0.0
26,0.0,0.0,0.0,0.0,0.0,0.0,0.0,0.0,0.0,0.0,0.0,0.0,0.0,0.0,0.0,0.0,0.5466103544543115,0.5706945439371098,0.5958730694090819,0.6223755547249205,0.6505051235505195,0.6806751358193496,0.7134710028819391,0.7497536949968662,0.7907777372186762,0.8370775511973557,1.0,0.8362655954837617,0.7904633132805436,0.7509567064706133,0.717115699794714,0.6875933914769254,0.6614497374386864,0.6380325738609377,0.6168720633525571,0.5976170373401106,0.5799967717111201,0.0,0.0,0.0,0.0,0.0,0.0,0.0,0.0,0.0,0.0,0.0,0.0,0.0,0.0,0.0,0.0,0.0,0.0,0.0,0.0,0.0,0.0,0.0,0.0,0.0,0.0,0.0,0.0,0.0,0.0,0.0,0.0,0.0,0.0,0.0,0.0,0.0,0.0,0.0,0.0,0.0,0.0,0.0,0.0,0.0,0.0,0.0,0.0,0.0,0.0,0.0,0.0,0.0,0.0,0.0,0.0,0.0,0.0,0.0,0.0,0.0,0.0
27,0.0,0.0,0.0,0.0,0.0,0.0,0.0,0.0,0.0,0.0,0.0,0.0,0.0,0.0,0.0,0.0,0.0,0.55017648933378,0.5738352432217466,0.5985813802759935,0.624642574266281,0.6523196147602032,0.6820229833015882,0.7143343593821768,0.7501093066070345,0.7905916769574433,0.8362655954837617,1.0,0.8355196116636716,0.790386715949759,0.751437349904805,0.7180899571668435,0.6890093436275979,0.6632626231978781,0.6402032313088615,0.6193659847255603,0.6004036608349755,0.5830489141005666,0.0,0.0,0.0,0.0,0.0,0.0,0.0,0.0,0.0,0.0,0.0,0.0,0.0,0.0,0.0,0.0,0.0,0.0,0.0,0.0,0.0,0.0,0.0,0.0,0.0,0.0,0.0,0.0,0.0,0.0,0.0,0.0,0.0,0.0,0.0,0.0,0.0,0.0,0.0,0.0,0.0,0.0,0.0,0.0,0.0,0.0,0.0,0.0,0.0,0.0,0.0,0.0,0.0,0.0,0.0,0.0,0.0,0.0,0.0,0.0,0.0
28,0.0,0.0,0.0,0.0,0.0,0.0,0.0,0.0,0.0,0.0,0.0,0.0,0.0,0.0,0.0,0.0,0.0,0.0,0.5536961848170121,0.5769439604306725,0.6012718990878816,0.6269057151507981,0.6541438290435013,0.683393764252039,0.7152333074463108,0.7505122994688017,0.7904633132805436,0.8355196116636716,1.0,0.8348340710969323,0.7903566699816953,0.7519497199278794,0.7190811854893677,0.6904282765202912,0.6650655503545212,0.6423521268819097,0.621827466981451,0.6031482392380058,0.5860504023939695,0.0,0.0,0.0,0.0,0.0,0.0,0.0,0.0,0.0,0.0,0.0,0.0,0.0,0.0,0.0,0.0,0.0,0.0,0.0,0.0,0.0,0.0,0.0,0.0,0.0,0.0,0.0,0.0,0.0,0.0,0.0,0.0,0.0,0.0,0.0,0.0,0.0,0.0,0.0,0.0,0.0,0.0,0.0,0.0,0.0,0.0,0.0,0.0,0.0,0.0,0.0,0.0,0.0,0.0,0.0,0.0,0.0,0.0,0.0,0.0
29,0.0,0.0,0.0,0.0,0.0,0.0,0.0,0.0,0.0,0.0,0.0,0.0,0.0,0.0,0.0,0.0,0.0,0.0,0.0,0.5571666957805912,0.5800173145565675,0.6039406488273698,0.6291604499078629,0.6559727433029064,0.6847820300090812,0.7161620686226048,0.7509567064706133,0.790386715949759,0.8348340710969323,1.0,0.8342040394868737,0.7903685722379766,0.7524898746252503,0.7200862272534043,0.691847833527273,0.6668569297915484,0.6444783830941881,0.6242562796071532,0.605851122681792,0.5890021030659243,0.0,0.0,0.0,0.0,0.0,0.0,0.0,0.0,0.0,0.0,0.0,0.0,0.0,0.0,0.0,0.0,0.0,0.0,0.0,0.0,0.0,0.0,0.0,0.0,0.0,0.0,0.0,0.0,0.0,0.0,0.0,0.0,0.0,0.0,0.0,0.0,0.0,0.0,0.0,0.0,0.0,0.0,0.0,0.0,0.0,0.0,0.0,0.0,0.0,0.0,0.0,0.0,0.0,0.0,0.0,0.0,0.0,0.0,0.0
30,0.0,0.0,0.0,0.0,0.0,0.0,0.0,0.0,0.0,0.0,0.0,0.0,0.0,0.0,0.0,0.0,0.0,0.0,0.0,0.0,0.5605861649453506,0.5830528161321054,0.6065845448960189,0.6314031403421115,0.6578022149260035,0.6861831956184289,0.717115699794714,0.751437349904805,0.7903566699816953,0.8342040394868737,1.0,0.8336250978586479,0.7904183455063999,0.7530543573285506,0.7211023478038283,0.6932660115942976,0.668635457031109,0.6465813420306202,0.6266523520609798,0.6085127677190714,0.591904941534744,0.0,0.0,0.0,0.0,0.0,0.0,0.0,0.0,0.0,0.0,0.0,0.0,0.0,0.0,0.0,0.0,0.0,0.0,0.0,0.0,0.0,0.0,0.0,0.0,0.0,0.0,0.0,0.0,0.0,0.0,0.0,0.0,0.0,0.0,0.0,0.0,0.0,0.0,0.0,0.0,0.0,0.0,0.0,0.0,0.0,0.0,0.0,0.0,0.0,0.0,0.0,0.0,0.0,0.0,0.0,0.0,0.0,0.0
31,0.0,0.0,0.0,0.0,0.0,0.0,0.0,0.0,0.0,0.0,0.0,0.0,0.0,0.0,0.0,0.0,0.0,0.0,0.0,0.0,0.0,0.5639534214192599,0.5860486766204104,0.6092012149091279,0.6336308675940208,0.6596288223187764,0.6875933914769254,0.7180899571668435,0.7519497199278794,0.7903685722379766,0.8336250978586479,1.0,0.8330932760275679,0.7905023666950781,0.7536401278099998,0.7221271732316388,0.6946811072227287,0.6704000665428613,0.6486605276373747,0.6290157434231889,0.6111337135976684,0.594759884302306,0.0,0.0,0.0,0.0,0.0,0.0,0.0,0.0,0.0,0.0,0.0,0.0,0.0,0.0,0.0,0.0,0.0,0.0,0.0,0.0,0.0,0.0,0.0,0.0,0.0,0.0,0.0,0.0,0.0,0.0,0.0,0.0,0.0,0.0,0.0,0.0,0.0,0.0,0.0,0.0,0.0,0.0,0.0,0.0,0.0,0.0,0.0,0.0,0.0,0.0,0.0,0.0,0.0,0.0,0.0,0.0,0.0
32,0.0,0.0,0.0,0.0,0.0,0.0,0.0,0.0,0.0,0.0,0.0,0.0,0.0,0.0,0.0,0.0,0.0,0.0,0.0,0.0,0.0,0.0,0.5672678261655617,0.5890036605820153,0.611788857457774,0.6358412976059462,0.6614497374386864,0.6890093436275979,0.7190811854893677,0.7524898746252503,0.7904183455063999,0.8330932760275679,1.0,0.8326049962809151,0.7906174064918465,0.7542445047142182,0.7231586385934223,0.6960916715929164,0.6721498939398589,0.6507156146844659,0.6313466175933299,0.6137145630689421,0.5975679247318956,0.0,0.0,0.0,0.0,0.0,0.0,0.0,0.0,0.0,0.0,0.0,0.0,0.0,0.0,0.0,0.0,0.0,0.0,0.0,0.0,0.0,0.0,0.0,0.0,0.0,0.0,0.0,0.0,0.0,0.0,0.0,0.0,0.0,0.0,0.0,0.0,0.0,0.0,0.0,0.0,0.0,0.0,0.0,0.0,0.0,0.0,0.0,0.0,0.0,0.0,0.0,0.0,0.0,0.0,0.0,0.0
33,0.0,0.0,0.0,0.0,0.0,0.0,0.0,0.0,0.0,0.0,0.0,0.0,0.0,0.0,0.0,0.0,0.0,0.0,0.0,0.0,0.0,0.0,0.0,0.5705291526190958,0.5919169701917105,0.6143461306158848,0.6380325738609377,0.6632626231978781,0.6904282765202912,0.7200862272534043,0.7530543573285506,0.7905023666950781,0.8326049962809151,1.0,0.8321570254643481,0.790760578397511,0.7548651171475291,0.7241949445278542,0.6974964731064403,0.6738842445634091,0.6527464031203014,0.6336452229566368,0.6162559668340506,0.6003300717287752,0.0,0.0,0.0,0.0,0.0,0.0,0.0,0.0,0.0,0.0,0.0,0.0,0.0,0.0,0.0,0.0,0.0,0.0,0.0,0.0,0.0,0.0,0.0,0.0,0.0,0.0,0.0,0.0,0.0,0.0,0.0,0.0,0.0,0.0,0.0,0.0,0.0,0.0,0.0,0.0,0.0,0.0,0.0,0.0,0.0,0.0,0.0,0.0,0.0,0.0,0.0,0.0,0.0,0.0,0.0
34,0.0,0.0,0.0,0.0,0.0,0.0,0.0,0.0,0.0,0.0,0.0,0.0,0.0,0.0,0.0,0.0,0.0,0.0,0.0,0.0,0.0,0.0,0.0,0.0,0.5737374938744122,0.5947881544417931,0.6168720633525571,0.6402032313088615,0.6650655503545212,0.691847833527273,0.7211023478038283,0.7536401278099998,0.7906174064918465,0.8321570254643481,1.0,0.8317464340253107,0.7909292954689653,0.755499863774029,0.7252345207394907,0.6988944659832074,0.6756025672709213,0.6547527968058239,0.6359118756681601,0.6187586109216359,0.603047340744903,0.0,0.0,0.0,0.0,0.0,0.0,0.0,0.0,0.0,0.0,0.0,0.0,0.0,0.0,0.0,0.0,0.0,0.0,0.0,0.0,0.0,0.0,0.0,0.0,0.0,0.0,0.0,0.0,0.0,0.0,0.0,0.0,0.0,0.0,0.0,0.0,0.0,0.0,0.0,0.0,0.0,0.0,0.0,0.0,0.0,0.0,0.0,0.0,0.0,0.0,0.0,0.0,0.0,0.0
35,0.0,0.0,0.0,0.0,0.0,0.0,0.0,0.0,0.0,0.0,0.0,0.0,0.0,0.0,0.0,0.0,0.0,0.0,0.0,0.0,0.0,0.0,0.0,0.0,0.0,0.5768931901323274,0.5976170373401106,0.6193659847255603,0.6423521268819097,0.6668569297915484,0.6932660115942976,0.7221271732316388,0.7542445047142182,0.790760578397511,0.8317464340253107,1.0,0.83137056084715,0.791121233439276,0.7561468780995608,0.7262759951294065,0.7002847638262593,0.6773044324823397,0.6567347858229486,0.6381469458783479,0.6212232064368053,0.6057207466502514,0.0,0.0,0.0,0.0,0.0,0.0,0.0,0.0,0.0,0.0,0.0,0.0,0.0,0.0,0.0,0.0,0.0,0.0,0.0,0.0,0.0,0.0,0.0,0.0,0.0,0.0,0.0,0.0,0.0,0.0,0.0,0.0,0.0,0.0,0.0,0.0,0.0,0.0,0.0,0.0,0.0,0.0,0.0,0.0,0.0,0.0,0.0,0.0,0.0,0.0,0.0,0.0,0.0
36,0.0,0.0,0.0,0.0,0.0,0.0,0.0,0.0,0.0,0.0,0.0,0.0,0.0,0.0,0.0,0.0,0.0,0.0,0.0,0.0,0.0,0.0,0.0,0.0,0.0,0.0,0.5799967717111201,0.6004036608349755,0.621827466981451,0.6444783830941881,0.668635457031109,0.6946811072227287,0.7231586385934223,0.7548651171475291,0.7909292954689653,0.83137056084715,1.0,0.8310269829283579,0.7913342991402164,0.7568044988831851,0.7273181675929374,0.7016666172825777,0.6789895137287228,0.6586924317130611,0.6403508463599361,0.6236504812350406,0.6083512981072028,0.0,0.0,0.0,0.0,0.0,0.0,0.0,0.0,0.0,0.0,0.0,0.0,0.0,0.0,0.0,0.0,0.0,0.0,0.0,0.0,0.0,0.0,0.0,0.0,0.0,0.0,0.0,0.0,0.0,0.0,0.0,0.0,0.0,0.0,0.0,0.0,0.0,0.0,0.0,0.0,0.0,0.0,0.0,0.0,0.0,0.0,0.0,0.0,0.0,0.0,0.0,0.0
37,0.0,0.0,0.0,0.0,0.0,0.0,0.0,0.0,0.0,0.0,0.0,0.0,0.0,0.0,0.0,0.0,0.0,0.0,0.0,0.0,0.0,0.0,0.0,0.0,0.0,0.0,0.0,0.5830489141005666,0.6031482392380058,0.6242562796071532,0.6465813420306202,0.6704000665428613,0.6960916715929164,0.7241949445278542,0.755499863774029,0.791121233439276,0.8310269829283579,1.0,0.8307134891357134,0.7915666033558105,0.7574712448184809,0.7283599876934331,0.7030393950969245,0.6806575720937399,0.6606258551274916,0.6425240231025788,0.6260411731636316,0.6109399931579816,0.0,0.0,0.0,0.0,0.0,0.0,0.0,0.0,0.0,0.0,0.0,0.0,0.0,0.0,0.0,0.0,0.0,0.0,0.0,0.0,0.0,0.0,0.0,0.0,0.0,0.0,0.0,0.0,0.0,0.0,0.0,0.0,0.0,0.0,0.0,0.0,0.0,0.0,0.0,0.0,0.0,0.0,0.0,0.0,0.0,0.0,0.0,0.0,0.0,0.0,0.0
38,0.0,0.0,0.0,0.0,0.0,0.0,0.0,0.0,0.0,0.0,0.0,0.0,0.0,0.0,0.0,0.0,0.0,0.0,0.0,0.0,0.0,0.0,0.0,0.0,0.0,0.0,0.0,0.0,0.5860504023939695,0.605851122681792,0.6266523520609798,0.6486605276373747,0.6721498939398589,0.6974964731064403,0.7252345207394907,0.7561468780995608,0.7913342991402164,0.8307134891357134,1.0,0.830428057398795,0.791816437396129,0.7581457927870692,0.7294005355697141,0.7044025679888013,0.6823084430548688,0.6625352254712282,0.6446669475255439,0.6283960245832242,0.6134878157927807,0.0,0.0,0.0,0.0,0.0,0.0,0.0,0.0,0.0,0.0,0.0,0.0,0.0,0.0,0.0,0.0,0.0,0.0,0.0,0.0,0.0,0.0,0.0,0.0,0.0,0.0,0.0,0.0,0.0,0.0,0.0,0.0,0.0,0.0,0.0,0.0,0.0,0.0,0.0,0.0,0.0,0.0,0.0,0.0,0.0,0.0,0.0,0.0,0.0,0.0
39,0.0,0.0,0.0,0.0,0.0,0.0,0.0,0.0,0.0,0.0,0.0,0.0,0.0,0.0,0.0,0.0,0.0,0.0,0.0,0.0,0.0,0.0,0.0,0.0,0.0,0.0,0.0,0.0,0.0,0.5890021030659243,0.6085127677190714,0.6290157434231889,0.6507156146844659,0.6738842445634091,0.6988944659832074,0.7262759951294065,0.7568044988831851,0.7915666033558105,0.830428057398795,1.0,0.8301688348243184,0.7920822528085276,0.7588269591139458,0.730439005553013,0.7057556948881153,0.6839420253230296,0.6644207521998465,0.6467801100252081,0.6307157779373855,0.61599573331179,0.0,0.0,0.0,0.0,0.0,0.0,0.0,0.0,0.0,0.0,0.0,0.0,0.0,0.0,0.0,0.0,0.0,0.0,0.0,0.0,0.0,0.0,0.0,0.0,0.0,0.0,0.0,0.0,0.0,0.0,0.0,0.0,0.0,0.0,0.0,0.0,0.0,0.0,0.0,0.0,0.0,0.0,0.0,0.0,0.0,0.0,0.0,0.0,0.0
40,0.0,0.0,0.0,0.0,0.0,0.0,0.0,0.0,0.0,0.0,0.0,0.0,0.0,0.0,0.0,0.0,0.0,0.0,0.0,0.0,0.0,0.0,0.0,0.0,0.0,0.0,0.0,0.0,0.0,0.0,0.591904941534744,0.6111337135976684,0.6313466175933299,0.6527464031203014,0.6756025672709213,0.7002847638262593,0.7273181675929374,0.7574712448184809,0.791816437396129,0.8301688348243184,1.0,0.8299341202981179,0.7923626437460036,0.7595136833558362,0.7314746920634395,0.7070984111493027,0.6855582713526889,0.6662826774923181,0.6488640146269259,0.6330011721820579,0.6184646943304521,0.0,0.0,0.0,0.0,0.0,0.0,0.0,0.0,0.0,0.0,0.0,0.0,0.0,0.0,0.0,0.0,0.0,0.0,0.0,0.0,0.0,0.0,0.0,0.0,0.0,0.0,0.0,0.0,0.0,0.0,0.0,0.0,0.0,0.0,0.0,0.0,0.0,0.0,0.0,0.0,0.0,0.0,0.0,0.0,0.0,0.0,0.0,0.0
41,0.0,0.0,0.0,0.0,0.0,0.0,0.0,0.0,0.0,0.0,0.0,0.0,0.0,0.0,0.0,0.0,0.0,0.0,0.0,0.0,0.0,0.0,0.0,0.0,0.0,0.0,0.0,0.0,0.0,0.0,0.0,0.594759884302306,0.6137145630689421,0.6336452229566368,0.6547527968058239,0.6773044324823397,0.7016666172825777,0.7283599876934331,0.7581457927870692,0.7920822528085276,0.8299341202981179,1.0,0.8297223492149294,0.7926563315949053,0.7602050142354952,0.7325069774316715,0.7084304184311373,0.6871571792531905,0.6681212700725417,0.6509191745530846,0.6352529399218632,0.6208956273060279,0.0,0.0,0.0,0.0,0.0,0.0,0.0,0.0,0.0,0.0,0.0,0.0,0.0,0.0,0.0,0.0,0.0,0.0,0.0,0.0,0.0,0.0,0.0,0.0,0.0,0.0,0.0,0.0,0.0,0.0,0.0,0.0,0.0,0.0,0.0,0.0,0.0,0.0,0.0,0.0,0.0,0.0,0.0,0.0,0.0,0.0,0.0
42,0.0,0.0,0.0,0.0,0.0,0.0,0.0,0.0,0.0,0.0,0.0,0.0,0.0,0.0,0.0,0.0,0.0,0.0,0.0,0.0,0.0,0.0,0.0,0.0,0.0,0.0,0.0,0.0,0.0,0.0,0.0,0.0,0.5975679247318956,0.6162559668340506,0.6359118756681601,0.6567347858229486,0.6789895137287228,0.7030393950969245,0.7294005355697141,0.7588269591139458,0.7923626437460036,0.8297223492149294,1.0,0.8295320800350215,0.7929621515310897,0.7609000974008712,0.7335353213526226,0.7097514759838562,0.6887387858793614,0.6699368199928034,0.6529461085530947,0.6374718051283388,0.623289439486559,0.0,0.0,0.0,0.0,0.0,0.0,0.0,0.0,0.0,0.0,0.0,0.0,0.0,0.0,0.0,0.0,0.0,0.0,0.0,0.0,0.0,0.0,0.0,0.0,0.0,0.0,0.0,0.0,0.0,0.0,0.0,0.0,0.0,0.0,0.0,0.0,0.0,0.0,0.0,0.0,0.0,0.0,0.0,0.0,0.0,0.0
43,0.0,0.0,0.0,0.0,0.0,0.0,0.0,0.0,0.0,0.0,0.0,0.0,0.0,0.0,0.0,0.0,0.0,0.0,0.0,0.0,0.0,0.0,0.0,0.0,0.0,0.0,0.0,0.0,0.0,0.0,0.0,0.0,0.0,0.6003300717287752,0.6187586109216359,0.6381469458783479,0.6586924317130611,0.6806575720937399,0.7044025679888013,0.730439005553013,0.7595136833558362,0.7926563315949053,0.8295320800350215,1.0,0.829361982414878,0.7932790407280587,0.7615981647416661,0.7345592517273348,0.7110613931292876,0.6903031609176937,0.6717296342249889,0.6549453378684312,0.6396584813378469,0.6256470162017738,0.0,0.0,0.0,0.0,0.0,0.0,0.0,0.0,0.0,0.0,0.0,0.0,0.0,0.0,0.0,0.0,0.0,0.0,0.0,0.0,0.0,0.0,0.0,0.0,0.0,0.0,0.0,0.0,0.0,0.0,0.0,0.0,0.0,0.0,0.0,0.0,0.0,0.0,0.0,0.0,0.0,0.0,0.0,0.0,0.0
44,0.0,0.0,0.0,0.0,0.0,0.0,0.0,0.0,0.0,0.0,0.0,0.0,0.0,0.0,0.0,0.0,0.0,0.0,0.0,0.0,0.0,0.0,0.0,0.0,0.0,0.0,0.0,0.0,0.0,0.0,0.0,0.0,0.0,0.0,0.603047340744903,0.6212232064368053,0.6403508463599361,0.6606258551274916,0.6823084430548688,0.7057556948881153,0.7314746920634395,0.7602050142354952,0.7929621515310897,0.829361982414878,1.0,0.8292108266987396,0.793606027985114,0.7622985250395611,0.7355783566896821,0.7123600227555154,0.6918504018155056,0.673500032931829,0.6569173837280288,0.6418136702451849,0.6279692204303515,0.0,0.0,0.0,0.0,0.0,0.0,0.0,0.0,0.0,0.0,0.0,0.0,0.0,0.0,0.0,0.0,0.0,0.0,0.0,0.0,0.0,0.0,0.0,0.0,0.0,0.0,0.0,0.0,0.0,0.0,0.0,0.0,0.0,0.0,0.0,0.0,0.0,0.0,0.0,0.0,0.0,0.0,0.0,0.0
45,0.0,0.0,0.0,0.0,0.0,0.0,0.0,0.0,0.0,0.0,0.0,0.0,0.0,0.0,0.0,0.0,0.0,0.0,0.0,0.0,0.0,0.0,0.0,0.0,0.0,0.0,0.0,0.0,0.0,0.0,0.0,0.0,0.0,0.0,0.0,0.6057207466502514,0.6236504812350406,0.6425240231025788,0.6625352254712282,0.6839420253230296,0.7070984111493027,0.7325069774316715,0.7609000974008712,0.7932790407280587,0.8292108266987396,1.0,0.8290774745904915,0.7939422245801682,0.7630005557642388,0.7365922776474724,0.7136472556769137,0.6933806294258527,0.6752483463120439,0.6588627652873479,0.643938060623783,0.6302568925899872,0.0,0.0,0.0,0.0,0.0,0.0,0.0,0.0,0.0,0.0,0.0,0.0,0.0,0.0,0.0,0.0,0.0,0.0,0.0,0.0,0.0,0.0,0.0,0.0,0.0,0.0,0.0,0.0,0.0,0.0,0.0,0.0,0.0,0.0,0.0,0.0,0.0,0.0,0.0,0.0,0.0,0.0,0.0
46,0.0,0.0,0.0,0.0,0.0,0.0,0.0,0.0,0.0,0.0,0.0,0.0,0.0,0.0,0.0,0.0,0.0,0.0,0.0,0.0,0.0,0.0,0.0,0.0,0.0,0.0,0.0,0.0,0.0,0.0,0.0,0.0,0.0,0.0,0.0,0.0,0.6083512981072028,0.6260411731636316,0.6446669475255439,0.6644207521998465,0.6855582713526889,0.7084304184311373,0.7335353213526226,0.7615981647416661,0.793606027985114,0.8290774745904915,1.0,0.828960870852505,0.7942868161820338,0.7637036958568457,0.73760070319467,0.7149230157344388,0.6948939842617616,0.6769749119308754,0.6607819979391725,0.6460323275154476,0.6325108505064351,0.0,0.0,0.0,0.0,0.0,0.0,0.0,0.0,0.0,0.0,0.0,0.0,0.0,0.0,0.0,0.0,0.0,0.0,0.0,0.0,0.0,0.0,0.0,0.0,0.0,0.0,0.0,0.0,0.0,0.0,0.0,0.0,0.0,0.0,0.0,0.0,0.0,0.0,0.0,0.0,0.0,0.0
47,0.0,0.0,0.0,0.0,0.0,0.0,0.0,0.0,0.0,0.0,0.0,0.0,0.0,0.0,0.0,0.0,0.0,0.0,0.0,0.0,0.0,0.0,0.0,0.0,0.0,0.0,0.0,0.0,0.0,0.0,0.0,0.0,0.0,0.0,0.0,0.0,0.0,0.6109399931579816,0.6283960245832242,0.6467801100252081,0.6662826774923181,0.6871571792531905,0.7097514759838562,0.7345592517273348,0.7622985250395611,0.7939422245801682,0.828960870852505,1.0,0.8288600359006107,0.7946390556820515,0.7644074393669634,0.7386033637738469,0.7161872555308693,0.6963906232704682,0.6786800724620067,0.6626755919362397,0.6480971316424864,0.6347318895256462,0.0,0.0,0.0,0.0,0.0,0.0,0.0,0.0,0.0,0.0,0.0,0.0,0.0,0.0,0.0,0.0,0.0,0.0,0.0,0.0,0.0,0.0,0.0,0.0,0.0,0.0,0.0,0.0,0.0,0.0,0.0,0.0,0.0,0.0,0.0,0.0,0.0,0.0,0.0,0.0,0.0
48,0.0,0.0,0.0,0.0,0.0,0.0,0.0,0.0,0.0,0.0,0.0,0.0,0.0,0.0,0.0,0.0,0.0,0.0,0.0,0.0,0.0,0.0,0.0,0.0,0.0,0.0,0.0,0.0,0.0,0.0,0.0,0.0,0.0,0.0,0.0,0.0,0.0,0.0,0.6134878157927807,0.6307157779373855,0.6488640146269259,0.6681212700725417,0.6887387858793614,0.7110613931292876,0.7355783566896821,0.7630005557642388,0.7942868161820338,0.8288600359006107,1.0,0.8287740591832652,0.7949982568257358,0.7651113298293968,0.7396000269865235,0.717439952712087,0.6978707170524657,0.6803641737787895,0.6645440512757299,0.6501331190031221,0.6369207827395659,0.0,0.0,0.0,0.0,0.0,0.0,0.0,0.0,0.0,0.0,0.0,0.0,0.0,0.0,0.0,0.0,0.0,0.0,0.0,0.0,0.0,0.0,0.0,0.0,0.0,0.0,0.0,0.0,0.0,0.0,0.0,0.0,0.0,0.0,0.0,0.0,0.0,0.0,0.0,0.0
49,0.0,0.0,0.0,0.0,0.0,0.0,0.0,0.0,0.0,0.0,0.0,0.0,0.0,0.0,0.0,0.0,0.0,0.0,0.0,0.0,0.0,0.0,0.0,0.0,0.0,0.0,0.0,0.0,0.0,0.0,0.0,0.0,0.0,0.0,0.0,0.0,0.0,0.0,0.0,0.61599573331179,0.6330011721820579,0.6509191745530846,0.6699368199928034,0.6903031609176937,0.7123600227555154,0.7365922776474724,0.7637036958568457,0.7946390556820515,0.8287740591832652,1.0,0.8287020932488098,0.795363788542523,0.7658149552839876,0.7405904934644879,0.7186811067190952,0.6993344474618867,0.6820275633425884,0.6663878728038102,0.6521409206177609,0.6390782813014444,0.0,0.0,0.0,0.0,0.0,0.0,0.0,0.0,0.0,0.0,0.0,0.0,0.0,0.0,0.0,0.0,0.0,0.0,0.0,0.0,0.0,0.0,0.0,0.0,0.0,0.0,0.0,0.0,0.0,0.0,0.0,0.0,0.0,0.0,0.0,0.0,0.0,0.0,0.0
50,0.0,0.0,0.0,0.0,0.0,0.0,0.0,0.0,0.0,0.0,0.0,0.0,0.0,0.0,0.0,0.0,0.0,0.0,0.0,0.0,0.0,0.0,0.0,0.0,0.0,0.0,0.0,0.0,0.0,0.0,0.0,0.0,0.0,0.0,0.0,0.0,0.0,0.0,0.0,0.0,0.6184646943304521,0.6352529399218632,0.6529461085530947,0.6717296342249889,0.6918504018155056,0.7136472556769137,0.73760070319467,0.7644074393669634,0.7949982568257358,0.8287020932488098,1.0,0.8286433484180689,0.7957350698862925,0.7665179438557664,0.7415745932280606,0.7199107359468044,0.7007820055344632,0.6836705888442286,0.6682075455051869,0.6541211523991284,0.6412051148108441,0.0,0.0,0.0,0.0,0.0,0.0,0.0,0.0,0.0,0.0,0.0,0.0,0.0,0.0,0.0,0.0,0.0,0.0,0.0,0.0,0.0,0.0,0.0,0.0,0.0,0.0,0.0,0.0,0.0,0.0,0.0,0.0,0.0,0.0,0.0,0.0,0.0,0.0
51,0.0,0.0,0.0,0.0,0.0,0.0,0.0,0.0,0.0,0.0,0.0,0.0,0.0,0.0,0.0,0.0,0.0,0.0,0.0,0.0,0.0,0.0,0.0,0.0,0.0,0.0,0.0,0.0,0.0,0.0,0.0,0.0,0.0,0.0,0.0,0.0,0.0,0.0,0.0,0.0,0.0,0.6208956273060279,0.6374718051283388,0.6549453378684312,0.673500032931829,0.6933806294258527,0.7149230157344388,0.7386033637738469,0.7651113298293968,0.795363788542523,0.8286433484180689,1.0,0.8285970879908092,0.7961115655116031,0.7672199598246117,0.7425521824680539,0.7211288752551019,0.7022135896974451,0.6852935970613591,0.6700035499482341,0.6560744151238297,0.6433019917520697,0.0,0.0,0.0,0.0,0.0,0.0,0.0,0.0,0.0,0.0,0.0,0.0,0.0,0.0,0.0,0.0,0.0,0.0,0.0,0.0,0.0,0.0,0.0,0.0,0.0,0.0,0.0,0.0,0.0,0.0,0.0,0.0,0.0,0.0,0.0,0.0,0.0
52,0.0,0.0,0.0,0.0,0.0,0.0,0.0,0.0,0.0,0.0,0.0,0.0,0.0,0.0,0.0,0.0,0.0,0.0,0.0,0.0,0.0,0.0,0.0,0.0,0.0,0.0,0.0,0.0,0.0,0.0,0.0,0.0,0.0,0.0,0.0,0.0,0.0,0.0,0.0,0.0,0.0,0.0,0.623289439486559,0.6396584813378469,0.6569173837280288,0.6752483463120439,0.6948939842617616,0.7161872555308693,0.7396000269865235,0.7658149552839876,0.7957350698862925,0.8285970879908092,1.0,0.8285626239241536,0.7964927816209543,0.7679207001235527,0.7435231406972385,0.7223355737856582,0.7036294042226416,0.6868969329002241,0.6717763578609235,0.6580012944866126,0.6453695999726824,0.0,0.0,0.0,0.0,0.0,0.0,0.0,0.0,0.0,0.0,0.0,0.0,0.0,0.0,0.0,0.0,0.0,0.0,0.0,0.0,0.0,0.0,0.0,0.0,0.0,0.0,0.0,0.0,0.0,0.0,0.0,0.0,0.0,0.0,0.0,0.0
53,0.0,0.0,0.0,0.0,0.0,0.0,0.0,0.0,0.0,0.0,0.0,0.0,0.0,0.0,0.0,0.0,0.0,0.0,0.0,0.0,0.0,0.0,0.0,0.0,0.0,0.0,0.0,0.0,0.0,0.0,0.0,0.0,0.0,0.0,0.0,0.0,0.0,0.0,0.0,0.0,0.0,0.0,0.0,0.6256470162017738,0.6418136702451849,0.6588627652873479,0.6769749119308754,0.6963906232704682,0.717439952712087,0.7405904934644879,0.7665179438557664,0.7961115655116031,0.8285626239241536,1.0,0.8285393129291763,0.7968782623271549,0.7686198912132921,0.7444873682247698,0.723530893044621,0.7050296578894623,0.6884809385951026,0.6735264318166779,0.6599023612217253,0.6474086071911588,0.0,0.0,0.0,0.0,0.0,0.0,0.0,0.0,0.0,0.0,0.0,0.0,0.0,0.0,0.0,0.0,0.0,0.0,0.0,0.0,0.0,0.0,0.0,0.0,0.0,0.0,0.0,0.0,0.0,0.0,0.0,0.0,0.0,0.0,0.0
54,0.0,0.0,0.0,0.0,0.0,0.0,0.0,0.0,0.0,0.0,0.0,0.0,0.0,0.0,0.0,0.0,0.0,0.0,0.0,0.0,0.0,0.0,0.0,0.0,0.0,0.0,0.0,0.0,0.0,0.0,0.0,0.0,0.0,0.0,0.0,0.0,0.0,0.0,0.0,0.0,0.0,0.0,0.0,0.0,0.6279692204303515,0.643938060623783,0.6607819979391725,0.6786800724620067,0.6978707170524657,0.7186811067190952,0.7415745932280606,0.7672199598246117,0.7964927816209543,0.8285393129291763,1.0,0.8285265529388528,0.7972675863823411,0.7693172862876476,0.7454447839134832,0.7247149052169771,0.7064145628296278,0.6900459530426633,0.6752542250125144,0.66177817127834,0.6494196615247421,0.0,0.0,0.0,0.0,0.0,0.0,0.0,0.0,0.0,0.0,0.0,0.0,0.0,0.0,0.0,0.0,0.0,0.0,0.0,0.0,0.0,0.0,0.0,0.0,0.0,0.0,0.0,0.0,0.0,0.0,0.0,0.0,0.0,0.0
55,0.0,0.0,0.0,0.0,0.0,0.0,0.0,0.0,0.0,0.0,0.0,0.0,0.0,0.0,0.0,0.0,0.0,0.0,0.0,0.0,0.0,0.0,0.0,0.0,0.0,0.0,0.0,0.0,0.0,0.0,0.0,0.0,0.0,0.0,0.0,0.0,0.0,0.0,0.0,0.0,0.0,0.0,0.0,0.0,0.0,0.6302568925899872,0.6460323275154476,0.6626755919362397,0.6803641737787895,0.6993344474618867,0.7199107359468044,0.7425521824680539,0.7679207001235527,0.7968782623271549,0.8285265529388528,1.0,0.8285237799064863,0.7976603642315386,0.7700126627706992,0.7463953231854463,0.7258876916831429,0.7077843335292793,0.6915923112518495,0.6769601811245718,0.6636292660391684,0.6514033920301837,0.0,0.0,0.0,0.0,0.0,0.0,0.0,0.0,0.0,0.0,0.0,0.0,0.0,0.0,0.0,0.0,0.0,0.0,0.0,0.0,0.0,0.0,0.0,0.0,0.0,0.0,0.0,0.0,0.0,0.0,0.0,0.0,0.0
56,0.0,0.0,0.0,0.0,0.0,0.0,0.0,0.0,0.0,0.0,0.0,0.0,0.0,0.0,0.0,0.0,0.0,0.0,0.0,0.0,0.0,0.0,0.0,0.0,0.0,0.0,0.0,0.0,0.0,0.0,0.0,0.0,0.0,0.0,0.0,0.0,0.0,0.0,0.0,0.0,0.0,0.0,0.0,0.0,0.0,0.0,0.6325108505064351,0.6480971316424864,0.6645440512757299,0.6820275633425884,0.7007820055344632,0.7211288752551019,0.7435231406972385,0.7686198912132921,0.7972675863823411,0.8285237799064863,1.0,0.8285304648988286,0.7980562353540984,0.7707058200715857,0.7473389362458118,0.7270493417123899,0.7091391859676354,0.6931203438927451,0.678644734228408,0.6654561725731788,0.6533604092514202,0.0,0.0,0.0,0.0,0.0,0.0,0.0,0.0,0.0,0.0,0.0,0.0,0.0,0.0,0.0,0.0,0.0,0.0,0.0,0.0,0.0,0.0,0.0,0.0,0.0,0.0,0.0,0.0,0.0,0.0,0.0,0.0
57,0.0,0.0,0.0,0.0,0.0,0.0,0.0,0.0,0.0,0.0,0.0,0.0,0.0,0.0,0.0,0.0,0.0,0.0,0.0,0.0,0.0,0.0,0.0,0.0,0.0,0.0,0.0,0.0,0.0,0.0,0.0,0.0,0.0,0.0,0.0,0.0,0.0,0.0,0.0,0.0,0.0,0.0,0.0,0.0,0.0,0.0,0.0,0.6347318895256462,0.6501331190031221,0.6663878728038102,0.6836705888442286,0.7022135896974451,0.7223355737856582,0.7444873682247698,0.7693172862876476,0.7976603642315386,0.8285304648988286,1.0,0.8285461114525141,0.7984548658609845,0.771396577567323,0.7482755864989876,0.7281999513111591,0.7104793368742633,0.6946303769302588,0.6803083087733705,0.667259403914842,0.655291305769364,0.0,0.0,0.0,0.0,0.0,0.0,0.0,0.0,0.0,0.0,0.0,0.0,0.0,0.0,0.0,0.0,0.0,0.0,0.0,0.0,0.0,0.0,0.0,0.0,0.0,0.0,0.0,0.0,0.0,0.0,0.0
58,0.0,0.0,0.0,0.0,0.0,0.0,0.0,0.0,0.0,0.0,0.0,0.0,0.0,0.0,0.0,0.0,0.0,0.0,0.0,0.0,0.0,0.0,0.0,0.0,0.0,0.0,0.0,0.0,0.0,0.0,0.0,0.0,0.0,0.0,0.0,0.0,0.0,0.0,0.0,0.0,0.0,0.0,0.0,0.0,0.0,0.0,0.0,0.0,0.6369207827395659,0.6521409206177609,0.6682075455051869,0.6852935970613591,0.7036294042226416,0.723530893044621,0.7454447839134832,0.7700126627706992,0.7980562353540984,0.8285461114525141,1.0,0.828570253166208,0.7988559463198951,0.7720847727878046,0.7492052491345347,0.7293396222072512,0.7118050030894972,0.6961227313305086,0.6819513196019736,0.6690394593635729,0.6571966567499119,0.0,0.0,0.0,0.0,0.0,0.0,0.0,0.0,0.0,0.0,0.0,0.0,0.0,0.0,0.0,0.0,0.0,0.0,0.0,0.0,0.0,0.0,0.0,0.0,0.0,0.0,0.0,0.0,0.0,0.0
59,0.0,0.0,0.0,0.0,0.0,0.0,0.0,0.0,0.0,0.0,0.0,0.0,0.0,0.0,0.0,0.0,0.0,0.0,0.0,0.0,0.0,0.0,0.0,0.0,0.0,0.0,0.0,0.0,0.0,0.0,0.0,0.0,0.0,0.0,0.0,0.0,0.0,0.0,0.0,0.0,0.0,0.0,0.0,0.0,0.0,0.0,0.0,0.0,0.0,0.6390782813014444,0.6541211523991284,0.6700035499482341,0.6868969329002241,0.7050296578894623,0.7247149052169771,0.7463953231854463,0.7707058200715857,0.7984548658609845,0.828570253166208,1.0,0.8286024515041582,0.7992591897836455,0.7727702597803933,0.7501279098631133,0.7304684609533968,0.7131164010146469,0.6975977228295027,0.6835741720065845,0.6707968247981041,0.659077020487051,0.0,0.0,0.0,0.0,0.0,0.0,0.0,0.0,0.0,0.0,0.0,0.0,0.0,0.0,0.0,0.0,0.0,0.0,0.0,0.0,0.0,0.0,0.0,0.0,0.0,0.0,0.0,0.0,0.0
60,0.0,0.0,0.0,0.0,0.0,0.0,0.0,0.0,0.0,0.0,0.0,0.0,0.0,0.0,0.0,0.0,0.0,0.0,0.0,0.0,0.0,0.0,0.0,0.0,0.0,0.0,0.0,0.0,0.0,0.0,0.0,0.0,0.0,0.0,0.0,0.0,0.0,0.0,0.0,0.0,0.0,0.0,0.0,0.0,0.0,0.0,0.0,0.0,0.0,0.0,0.6412051148108441,0.6560744151238297,0.6717763578609235,0.6884809385951026,0.7064145628296278,0.7258876916831429,0.7473389362458118,0.771396577567323,0.7988559463198951,0.8286024515041582,1.0,0.8286422937896755,0.7996643300002124,0.7734529076343237,0.751043563785299,0.7315865781358543,0.714413746140442,0.6990556617551832,0.685177261816879,0.6725319730013956,0.6609329389385799,0.0,0.0,0.0,0.0,0.0,0.0,0.0,0.0,0.0,0.0,0.0,0.0,0.0,0.0,0.0,0.0,0.0,0.0,0.0,0.0,0.0,0.0,0.0,0.0,0.0,0.0,0.0,0.0
61,0.0,0.0,0.0,0.0,0.0,0.0,0.0,0.0,0.0,0.0,0.0,0.0,0.0,0.0,0.0,0.0,0.0,0.0,0.0,0.0,0.0,0.0,0.0,0.0,0.0,0.0,0.0,0.0,0.0,0.0,0.0,0.0,0.0,0.0,0.0,0.0,0.0,0.0,0.0,0.0,0.0,0.0,0.0,0.0,0.0,0.0,0.0,0.0,0.0,0.0,0.0,0.6433019917520697,0.6580012944866126,0.6735264318166779,0.6900459530426633,0.7077843335292793,0.7270493417123899,0.7482755864989876,0.7720847727878046,0.7992591897836455,0.8286422937896755,1.0,0.8286893913695498,0.8000711197854188,0.7741325991475497,0.7519522143782386,0.7326940876755432,0.7156972526436981,0.7004968528951511,0.6867609755125149,0.674245363992445,0.6627649382524909,0.0,0.0,0.0,0.0,0.0,0.0,0.0,0.0,0.0,0.0,0.0,0.0,0.0,0.0,0.0,0.0,0.0,0.0,0.0,0.0,0.0,0.0,0.0,0.0,0.0,0.0,0.0
62,0.0,0.0,0.0,0.0,0.0,0.0,0.0,0.0,0.0,0.0,0.0,0.0,0.0,0.0,0.0,0.0,0.0,0.0,0.0,0.0,0.0,0.0,0.0,0.0,0.0,0.0,0.0,0.0,0.0,0.0,0.0,0.0,0.0,0.0,0.0,0.0,0.0,0.0,0.0,0.0,0.0,0.0,0.0,0.0,0.0,0.0,0.0,0.0,0.0,0.0,0.0,0.0,0.6453695999726824,0.6599023612217253,0.6752542250125144,0.6915923112518495,0.7091391859676354,0.7281999513111591,0.7492052491345347,0.7727702597803933,0.7996643300002124,0.8286893913695498,1.0,0.8287433779325568,0.8004793295414744,0.7748092296207648,0.7528538725869812,0.733791106210798,0.716967133043511,0.7019215954034571,0.6883256903563028,0.6759374453619723,0.6645735292825059,0.0,0.0,0.0,0.0,0.0,0.0,0.0,0.0,0.0,0.0,0.0,0.0,0.0,0.0,0.0,0.0,0.0,0.0,0.0,0.0,0.0,0.0,0.0,0.0,0.0,0.0
63,0.0,0.0,0.0,0.0,0.0,0.0,0.0,0.0,0.0,0.0,0.0,0.0,0.0,0.0,0.0,0.0,0.0,0.0,0.0,0.0,0.0,0.0,0.0,0.0,0.0,0.0,0.0,0.0,0.0,0.0,0.0,0.0,0.0,0.0,0.0,0.0,0.0,0.0,0.0,0.0,0.0,0.0,0.0,0.0,0.0,0.0,0.0,0.0,0.0,0.0,0.0,0.0,0.0,0.6474086071911588,0.66177817127834,0.6769601811245718,0.6931203438927451,0.7104793368742633,0.7293396222072512,0.7501279098631133,0.7734529076343237,0.8000711197854188,0.8287433779325568,1.0,0.8288039079670998,0.8008887459065291,0.7754827057651446,0.7537485560089193,0.7348777525522093,0.7182235979094251,0.7033301827407579,0.689871774543866,0.677608652609493,0.6663592080916056,0.0,0.0,0.0,0.0,0.0,0.0,0.0,0.0,0.0,0.0,0.0,0.0,0.0,0.0,0.0,0.0,0.0,0.0,0.0,0.0,0.0,0.0,0.0,0.0,0.0
64,0.0,0.0,0.0,0.0,0.0,0.0,0.0,0.0,0.0,0.0,0.0,0.0,0.0,0.0,0.0,0.0,0.0,0.0,0.0,0.0,0.0,0.0,0.0,0.0,0.0,0.0,0.0,0.0,0.0,0.0,0.0,0.0,0.0,0.0,0.0,0.0,0.0,0.0,0.0,0.0,0.0,0.0,0.0,0.0,0.0,0.0,0.0,0.0,0.0,0.0,0.0,0.0,0.0,0.0,0.6494196615247421,0.6636292660391684,0.678644734228408,0.6946303769302588,0.7118050030894972,0.7304684609533968,0.751043563785299,0.7741325991475497,0.8004793295414744,0.8288039079670998,1.0,0.8288706553446687,0.8012991705220922,0.7761529447119294,0.7546362881611703,0.7359541472012,0.7194668556150015,0.7047229026429215,0.691399587366381,0.6792594094797205,0.6681224564427158,0.0,0.0,0.0,0.0,0.0,0.0,0.0,0.0,0.0,0.0,0.0,0.0,0.0,0.0,0.0,0.0,0.0,0.0,0.0,0.0,0.0,0.0,0.0,0.0
65,0.0,0.0,0.0,0.0,0.0,0.0,0.0,0.0,0.0,0.0,0.0,0.0,0.0,0.0,0.0,0.0,0.0,0.0,0.0,0.0,0.0,0.0,0.0,0.0,0.0,0.0,0.0,0.0,0.0,0.0,0.0,0.0,0.0,0.0,0.0,0.0,0.0,0.0,0.0,0.0,0.0,0.0,0.0,0.0,0.0,0.0,0.0,0.0,0.0,0.0,0.0,0.0,0.0,0.0,0.0,0.6514033920301837,0.6654561725731788,0.6803083087733705,0.6961227313305086,0.7131164010146469,0.7315865781358543,0.7519522143782386,0.7748092296207648,0.8008887459065291,0.8288706553446687,1.0,0.828943312017256,0.8017104189066504,0.7768198731133505,0.7555170978219439,0.7370204119250156,0.7206971121310496,0.7061000371138334,0.6929094793835129,0.6808901282966292,0.669863742275936,0.0,0.0,0.0,0.0,0.0,0.0,0.0,0.0,0.0,0.0,0.0,0.0,0.0,0.0,0.0,0.0,0.0,0.0,0.0,0.0,0.0,0.0,0.0
66,0.0,0.0,0.0,0.0,0.0,0.0,0.0,0.0,0.0,0.0,0.0,0.0,0.0,0.0,0.0,0.0,0.0,0.0,0.0,0.0,0.0,0.0,0.0,0.0,0.0,0.0,0.0,0.0,0.0,0.0,0.0,0.0,0.0,0.0,0.0,0.0,0.0,0.0,0.0,0.0,0.0,0.0,0.0,0.0,0.0,0.0,0.0,0.0,0.0,0.0,0.0,0.0,0.0,0.0,0.0,0.0,0.6533604092514202,0.667259403914842,0.6819513196019736,0.6975977228295027,0.714413746140442,0.7326940876755432,0.7528538725869812,0.7754827057651446,0.8012991705220922,0.828943312017256,1.0,0.8290215868181254,0.8021223194251134,0.7774834263255921,0.7563910184379816,0.7380766693816881,0.7219145708535258,0.7074618624387409,0.6944017926040882,0.6825012102938095,0.6715835201719186,0.0,0.0,0.0,0.0,0.0,0.0,0.0,0.0,0.0,0.0,0.0,0.0,0.0,0.0,0.0,0.0,0.0,0.0,0.0,0.0,0.0,0.0
67,0.0,0.0,0.0,0.0,0.0,0.0,0.0,0.0,0.0,0.0,0.0,0.0,0.0,0.0,0.0,0.0,0.0,0.0,0.0,0.0,0.0,0.0,0.0,0.0,0.0,0.0,0.0,0.0,0.0,0.0,0.0,0.0,0.0,0.0,0.0,0.0,0.0,0.0,0.0,0.0,0.0,0.0,0.0,0.0,0.0,0.0,0.0,0.0,0.0,0.0,0.0,0.0,0.0,0.0,0.0,0.0,0.0,0.655291305769364,0.6690394593635729,0.6835741720065845,0.6990556617551832,0.7156972526436981,0.733791106210798,0.7537485560089193,0.7761529447119294,0.8017104189066504,0.8290215868181254,1.0,0.8291052043564597,0.802534712344851,0.7781435476655344,0.7572580875910874,0.7391230427893243,0.7231194324617239,0.7088086492149616,0.6958768606724309,0.6840930459400184,0.6732822318011654,0.0,0.0,0.0,0.0,0.0,0.0,0.0,0.0,0.0,0.0,0.0,0.0,0.0,0.0,0.0,0.0,0.0,0.0,0.0,0.0,0.0
68,0.0,0.0,0.0,0.0,0.0,0.0,0.0,0.0,0.0,0.0,0.0,0.0,0.0,0.0,0.0,0.0,0.0,0.0,0.0,0.0,0.0,0.0,0.0,0.0,0.0,0.0,0.0,0.0,0.0,0.0,0.0,0.0,0.0,0.0,0.0,0.0,0.0,0.0,0.0,0.0,0.0,0.0,0.0,0.0,0.0,0.0,0.0,0.0,0.0,0.0,0.0,0.0,0.0,0.0,0.0,0.0,0.0,0.0,0.6571966567499119,0.6707968247981041,0.685177261816879,0.7004968528951511,0.716967133043511,0.7348777525522093,0.7546362881611703,0.7768198731133505,0.8021223194251134,0.8291052043564597,1.0,0.8291939039973883,0.8029474489700837,0.7788001877339499,0.7581183465175589,0.740159655634722,0.7243118948029383,0.7101406623972201,0.6973350090586057,0.6856660152590496,0.6749603063591433,0.0,0.0,0.0,0.0,0.0,0.0,0.0,0.0,0.0,0.0,0.0,0.0,0.0,0.0,0.0,0.0,0.0,0.0,0.0,0.0
69,0.0,0.0,0.0,0.0,0.0,0.0,0.0,0.0,0.0,0.0,0.0,0.0,0.0,0.0,0.0,0.0,0.0,0.0,0.0,0.0,0.0,0.0,0.0,0.0,0.0,0.0,0.0,0.0,0.0,0.0,0.0,0.0,0.0,0.0,0.0,0.0,0.0,0.0,0.0,0.0,0.0,0.0,0.0,0.0,0.0,0.0,0.0,0.0,0.0,0.0,0.0,0.0,0.0,0.0,0.0,0.0,0.0,0.0,0.0,0.659077020487051,0.6725319730013956,0.6867609755125149,0.7019215954034571,0.7182235979094251,0.7359541472012,0.7555170978219439,0.7774834263255921,0.802534712344851,0.8291939039973883,1.0,0.8292874389197792,0.8033603908472684,0.7794533037986102,0.7589718396750332,0.7411866314169294,0.7254921528002514,0.7114581613552382,0.6987765552510831,0.6872204881432344,0.6766181609872399,0.0,0.0,0.0,0.0,0.0,0.0,0.0,0.0,0.0,0.0,0.0,0.0,0.0,0.0,0.0,0.0,0.0,0.0,0.0
70,0.0,0.0,0.0,0.0,0.0,0.0,0.0,0.0,0.0,0.0,0.0,0.0,0.0,0.0,0.0,0.0,0.0,0.0,0.0,0.0,0.0,0.0,0.0,0.0,0.0,0.0,0.0,0.0,0.0,0.0,0.0,0.0,0.0,0.0,0.0,0.0,0.0,0.0,0.0,0.0,0.0,0.0,0.0,0.0,0.0,0.0,0.0,0.0,0.0,0.0,0.0,0.0,0.0,0.0,0.0,0.0,0.0,0.0,0.0,0.0,0.6609329389385799,0.674245363992445,0.6883256903563028,0.7033301827407579,0.7194668556150015,0.7370204119250156,0.7563910184379816,0.7781435476655344,0.8029474489700837,0.8292874389197792,1.0,0.8293855752449398,0.8037734090348917,0.7801028592314951,0.7598186143518827,0.742204093421853,0.726660398380513,0.7127613999415306,0.70020180895058,0.6887568246600438,0.6782562011796566,0.0,0.0,0.0,0.0,0.0,0.0,0.0,0.0,0.0,0.0,0.0,0.0,0.0,0.0,0.0,0.0,0.0,0.0
71,0.0,0.0,0.0,0.0,0.0,0.0,0.0,0.0,0.0,0.0,0.0,0.0,0.0,0.0,0.0,0.0,0.0,0.0,0.0,0.0,0.0,0.0,0.0,0.0,0.0,0.0,0.0,0.0,0.0,0.0,0.0,0.0,0.0,0.0,0.0,0.0,0.0,0.0,0.0,0.0,0.0,0.0,0.0,0.0,0.0,0.0,0.0,0.0,0.0,0.0,0.0,0.0,0.0,0.0,0.0,0.0,0.0,0.0,0.0,0.0,0.0,0.6627649382524909,0.6759374453619723,0.689871774543866,0.7047229026429215,0.7206971121310496,0.7380766693816881,0.7572580875910874,0.7788001877339499,0.8033603908472684,0.8293855752449398,1.0,0.8294880912300664,0.8041863834317754,0.7807488229948985,0.7606587203148254,0.743212164524487,0.7278168204199394,0.7140506265676343,0.7016110722640267,0.690275375351391,0.679874821176424,0.0,0.0,0.0,0.0,0.0,0.0,0.0,0.0,0.0,0.0,0.0,0.0,0.0,0.0,0.0,0.0,0.0
72,0.0,0.0,0.0,0.0,0.0,0.0,0.0,0.0,0.0,0.0,0.0,0.0,0.0,0.0,0.0,0.0,0.0,0.0,0.0,0.0,0.0,0.0,0.0,0.0,0.0,0.0,0.0,0.0,0.0,0.0,0.0,0.0,0.0,0.0,0.0,0.0,0.0,0.0,0.0,0.0,0.0,0.0,0.0,0.0,0.0,0.0,0.0,0.0,0.0,0.0,0.0,0.0,0.0,0.0,0.0,0.0,0.0,0.0,0.0,0.0,0.0,0.0,0.6645735292825059,0.677608652609493,0.691399587366381,0.7061000371138334,0.7219145708535258,0.7391230427893243,0.7581183465175589,0.7794533037986102,0.8037734090348917,0.8294880912300664,1.0,0.8295947765208794,0.8045992021585945,0.7813911691717895,0.7614922094909007,0.7442109670157219,0.7289616047050728,0.7153260842872327,0.703004639897786,0.6917764815253501,0.6814744043427661,0.0,0.0,0.0,0.0,0.0,0.0,0.0,0.0,0.0,0.0,0.0,0.0,0.0,0.0,0.0,0.0
73,0.0,0.0,0.0,0.0,0.0,0.0,0.0,0.0,0.0,0.0,0.0,0.0,0.0,0.0,0.0,0.0,0.0,0.0,0.0,0.0,0.0,0.0,0.0,0.0,0.0,0.0,0.0,0.0,0.0,0.0,0.0,0.0,0.0,0.0,0.0,0.0,0.0,0.0,0.0,0.0,0.0,0.0,0.0,0.0,0.0,0.0,0.0,0.0,0.0,0.0,0.0,0.0,0.0,0.0,0.0,0.0,0.0,0.0,0.0,0.0,0.0,0.0,0.0,0.6663592080916056,0.6792594094797205,0.6929094793835129,0.7074618624387409,0.7231194324617239,0.740159655634722,0.7589718396750332,0.7801028592314951,0.8041863834317754,0.8295947765208794,1.0,0.8297054314584337,0.8050117609878514,0.7820298765362697,0.7623191356803699,0.7452006224510359,0.7300949339071169,0.7165880108848545,0.7043827993493917,0.6932604755400936,0.6830553235350962,0.0,0.0,0.0,0.0,0.0,0.0,0.0,0.0,0.0,0.0,0.0,0.0,0.0,0.0,0.0
74,0.0,0.0,0.0,0.0,0.0,0.0,0.0,0.0,0.0,0.0,0.0,0.0,0.0,0.0,0.0,0.0,0.0,0.0,0.0,0.0,0.0,0.0,0.0,0.0,0.0,0.0,0.0,0.0,0.0,0.0,0.0,0.0,0.0,0.0,0.0,0.0,0.0,0.0,0.0,0.0,0.0,0.0,0.0,0.0,0.0,0.0,0.0,0.0,0.0,0.0,0.0,0.0,0.0,0.0,0.0,0.0,0.0,0.0,0.0,0.0,0.0,0.0,0.0,0.0,0.6681224564427158,0.6808901282966292,0.6944017926040882,0.7088086492149616,0.7243118948029383,0.7411866314169294,0.7598186143518827,0.7807488229948985,0.8045992021585945,0.8297054314584337,1.0,0.829819866435565,0.8054239628180242,0.7826649281603926,0.7631395542974786,0.7461812515186818,0.731216987567907,0.7178366389689995,0.7057458310972085,0.694727681079931,0.6846179414539544,0.0,0.0,0.0,0.0,0.0,0.0,0.0,0.0,0.0,0.0,0.0,0.0,0.0,0.0
75,0.0,0.0,0.0,0.0,0.0,0.0,0.0,0.0,0.0,0.0,0.0,0.0,0.0,0.0,0.0,0.0,0.0,0.0,0.0,0.0,0.0,0.0,0.0,0.0,0.0,0.0,0.0,0.0,0.0,0.0,0.0,0.0,0.0,0.0,0.0,0.0,0.0,0.0,0.0,0.0,0.0,0.0,0.0,0.0,0.0,0.0,0.0,0.0,0.0,0.0,0.0,0.0,0.0,0.0,0.0,0.0,0.0,0.0,0.0,0.0,0.0,0.0,0.0,0.0,0.0,0.669863742275936,0.6825012102938095,0.6958768606724309,0.7101406623972201,0.7254921528002514,0.742204093421853,0.7606587203148254,0.7813911691717895,0.8050117609878514,0.829819866435565,1.0,0.8299379012988727,0.8058357171880313,0.7832963110540053,0.7639535221363365,0.747152973925243,0.7323279420959772,0.7190721960686994,0.7070940087875146,0.6961784134233975,0.6861626109842248,0.0,0.0,0.0,0.0,0.0,0.0,0.0,0.0,0.0,0.0,0.0,0.0,0.0
76,0.0,0.0,0.0,0.0,0.0,0.0,0.0,0.0,0.0,0.0,0.0,0.0,0.0,0.0,0.0,0.0,0.0,0.0,0.0,0.0,0.0,0.0,0.0,0.0,0.0,0.0,0.0,0.0,0.0,0.0,0.0,0.0,0.0,0.0,0.0,0.0,0.0,0.0,0.0,0.0,0.0,0.0,0.0,0.0,0.0,0.0,0.0,0.0,0.0,0.0,0.0,0.0,0.0,0.0,0.0,0.0,0.0,0.0,0.0,0.0,0.0,0.0,0.0,0.0,0.0,0.0,0.6715835201719186,0.6840930459400184,0.6973350090586057,0.7114581613552382,0.726660398380513,0.743212164524487,0.7614922094909007,0.7820298765362697,0.8054239628180242,0.8299379012988727,1.0,0.830059364792516,0.8062469398285282,0.7839240158346007,0.7647610971594659,0.7481159082966713,0.7334279707713783,0.7202949047326657,0.7084275994186062,0.6976129797033906,0.6876896755229908,0.0,0.0,0.0,0.0,0.0,0.0,0.0,0.0,0.0,0.0,0.0,0.0
77,0.0,0.0,0.0,0.0,0.0,0.0,0.0,0.0,0.0,0.0,0.0,0.0,0.0,0.0,0.0,0.0,0.0,0.0,0.0,0.0,0.0,0.0,0.0,0.0,0.0,0.0,0.0,0.0,0.0,0.0,0.0,0.0,0.0,0.0,0.0,0.0,0.0,0.0,0.0,0.0,0.0,0.0,0.0,0.0,0.0,0.0,0.0,0.0,0.0,0.0,0.0,0.0,0.0,0.0,0.0,0.0,0.0,0.0,0.0,0.0,0.0,0.0,0.0,0.0,0.0,0.0,0.0,0.6732822318011654,0.6856660152590496,0.6987765552510831,0.7127613999415306,0.7278168204199394,0.7442109670157219,0.7623191356803699,0.7826649281603926,0.8058357171880313,0.830059364792516,1.0,0.8301840940404545,0.8066575522468951,0.784548036424469,0.7655623383068202,0.7490701720931265,0.7345172437580552,0.7215049826302872,0.7097468635215983,0.6990316791593993,0.6891994692953933,0.0,0.0,0.0,0.0,0.0,0.0,0.0,0.0,0.0,0.0,0.0
78,0.0,0.0,0.0,0.0,0.0,0.0,0.0,0.0,0.0,0.0,0.0,0.0,0.0,0.0,0.0,0.0,0.0,0.0,0.0,0.0,0.0,0.0,0.0,0.0,0.0,0.0,0.0,0.0,0.0,0.0,0.0,0.0,0.0,0.0,0.0,0.0,0.0,0.0,0.0,0.0,0.0,0.0,0.0,0.0,0.0,0.0,0.0,0.0,0.0,0.0,0.0,0.0,0.0,0.0,0.0,0.0,0.0,0.0,0.0,0.0,0.0,0.0,0.0,0.0,0.0,0.0,0.0,0.0,0.6749603063591433,0.6872204881432344,0.70020180895058,0.7140506265676343,0.7289616047050728,0.7452006224510359,0.7631395542974786,0.7832963110540053,0.8062469398285282,0.8301840940404545,1.0,0.8303119340640617,0.8070674813430682,0.7851683697727184,0.766357305323303,0.7500158815361229,0.7355959281227382,0.7227026426538465,0.7110520553376692,0.7004348033819038,0.690692317658876,0.0,0.0,0.0,0.0,0.0,0.0,0.0,0.0,0.0,0.0
79,0.0,0.0,0.0,0.0,0.0,0.0,0.0,0.0,0.0,0.0,0.0,0.0,0.0,0.0,0.0,0.0,0.0,0.0,0.0,0.0,0.0,0.0,0.0,0.0,0.0,0.0,0.0,0.0,0.0,0.0,0.0,0.0,0.0,0.0,0.0,0.0,0.0,0.0,0.0,0.0,0.0,0.0,0.0,0.0,0.0,0.0,0.0,0.0,0.0,0.0,0.0,0.0,0.0,0.0,0.0,0.0,0.0,0.0,0.0,0.0,0.0,0.0,0.0,0.0,0.0,0.0,0.0,0.0,0.0,0.6766181609872399,0.6887568246600438,0.7016110722640267,0.7153260842872327,0.7300949339071169,0.7461812515186818,0.7639535221363365,0.7839240158346007,0.8066575522468951,0.8303119340640617,1.0,0.8304427373323264,0.8074766590536382,0.7857850155999566,0.7671460586030214,0.750953151546647,0.7366641878594289,0.723888093021412,0.7123434229915451,0.7018226365490587,0.6921685373961887,0.0,0.0,0.0,0.0,0.0,0.0,0.0,0.0,0.0
80,0.0,0.0,0.0,0.0,0.0,0.0,0.0,0.0,0.0,0.0,0.0,0.0,0.0,0.0,0.0,0.0,0.0,0.0,0.0,0.0,0.0,0.0,0.0,0.0,0.0,0.0,0.0,0.0,0.0,0.0,0.0,0.0,0.0,0.0,0.0,0.0,0.0,0.0,0.0,0.0,0.0,0.0,0.0,0.0,0.0,0.0,0.0,0.0,0.0,0.0,0.0,0.0,0.0,0.0,0.0,0.0,0.0,0.0,0.0,0.0,0.0,0.0,0.0,0.0,0.0,0.0,0.0,0.0,0.0,0.0,0.6782562011796566,0.690275375351391,0.703004639897786,0.7165880108848545,0.731216987567907,0.747152973925243,0.7647610971594659,0.784548036424469,0.8070674813430682,0.8304427373323264,1.0,0.8305763633421029,0.8078850220218817,0.786397976163652,0.7679286590486835,0.7518820956930556,0.7377221839186638,0.7250615373799429,0.7136212086610818,0.7031954556557848,0.6936284369975404,0.0,0.0,0.0,0.0,0.0,0.0,0.0,0.0
81,0.0,0.0,0.0,0.0,0.0,0.0,0.0,0.0,0.0,0.0,0.0,0.0,0.0,0.0,0.0,0.0,0.0,0.0,0.0,0.0,0.0,0.0,0.0,0.0,0.0,0.0,0.0,0.0,0.0,0.0,0.0,0.0,0.0,0.0,0.0,0.0,0.0,0.0,0.0,0.0,0.0,0.0,0.0,0.0,0.0,0.0,0.0,0.0,0.0,0.0,0.0,0.0,0.0,0.0,0.0,0.0,0.0,0.0,0.0,0.0,0.0,0.0,0.0,0.0,0.0,0.0,0.0,0.0,0.0,0.0,0.0,0.679874821176424,0.6917764815253501,0.7043827993493917,0.7178366389689995,0.7323279420959772,0.7481159082966713,0.7655623383068202,0.7851683697727184,0.8074766590536382,0.8305763633421029,1.0,0.8307126782260944,0.8082925112916047,0.7870072560423742,0.7687051679447099,0.7528028261476954,0.738770074240845,0.7262231749082109,0.7148856487428294,0.7045535307354281,0.6950723169322721,0.0,0.0,0.0,0.0,0.0,0.0,0.0
82,0.0,0.0,0.0,0.0,0.0,0.0,0.0,0.0,0.0,0.0,0.0,0.0,0.0,0.0,0.0,0.0,0.0,0.0,0.0,0.0,0.0,0.0,0.0,0.0,0.0,0.0,0.0,0.0,0.0,0.0,0.0,0.0,0.0,0.0,0.0,0.0,0.0,0.0,0.0,0.0,0.0,0.0,0.0,0.0,0.0,0.0,0.0,0.0,0.0,0.0,0.0,0.0,0.0,0.0,0.0,0.0,0.0,0.0,0.0,0.0,0.0,0.0,0.0,0.0,0.0,0.0,0.0,0.0,0.0,0.0,0.0,0.0,0.6814744043427661,0.6932604755400936,0.7057458310972085,0.7190721960686994,0.7334279707713783,0.7490701720931265,0.766357305323303,0.7857850155999566,0.8078850220218817,0.8307126782260944,1.0,0.8308515543864555,0.8086990720228711,0.7876128619372932,0.7694756468427754,0.7537154536512907,0.7398080137930042,0.727373200419201,0.7161369740135134,0.7058971250741446,0.696500469910431,0.0,0.0,0.0,0.0,0.0,0.0
83,0.0,0.0,0.0,0.0,0.0,0.0,0.0,0.0,0.0,0.0,0.0,0.0,0.0,0.0,0.0,0.0,0.0,0.0,0.0,0.0,0.0,0.0,0.0,0.0,0.0,0.0,0.0,0.0,0.0,0.0,0.0,0.0,0.0,0.0,0.0,0.0,0.0,0.0,0.0,0.0,0.0,0.0,0.0,0.0,0.0,0.0,0.0,0.0,0.0,0.0,0.0,0.0,0.0,0.0,0.0,0.0,0.0,0.0,0.0,0.0,0.0,0.0,0.0,0.0,0.0,0.0,0.0,0.0,0.0,0.0,0.0,0.0,0.0,0.6830553235350962,0.694727681079931,0.7070940087875146,0.7202949047326657,0.7345172437580552,0.7500158815361229,0.7671460586030214,0.786397976163652,0.8082925112916047,0.8308515543864555,1.0,0.8309928701520872,0.8091046532278636,0.7882148024894601,0.7702401574586196,0.7546200874842544,0.7408361546084479,0.7285118044617062,0.7173754097873885,0.7072264954181898,0.6979131811346108,0.0,0.0,0.0,0.0,0.0
84,0.0,0.0,0.0,0.0,0.0,0.0,0.0,0.0,0.0,0.0,0.0,0.0,0.0,0.0,0.0,0.0,0.0,0.0,0.0,0.0,0.0,0.0,0.0,0.0,0.0,0.0,0.0,0.0,0.0,0.0,0.0,0.0,0.0,0.0,0.0,0.0,0.0,0.0,0.0,0.0,0.0,0.0,0.0,0.0,0.0,0.0,0.0,0.0,0.0,0.0,0.0,0.0,0.0,0.0,0.0,0.0,0.0,0.0,0.0,0.0,0.0,0.0,0.0,0.0,0.0,0.0,0.0,0.0,0.0,0.0,0.0,0.0,0.0,0.0,0.6846179414539544,0.6961784134233975,0.7084275994186062,0.7215049826302872,0.7355959281227382,0.750953151546647,0.7679286590486835,0.7870072560423742,0.8086990720228711,0.8309928701520872,1.0,0.8311365094578552,0.8095092075252832,0.7888130881115379,0.7709987615790791,0.7555168354441592,0.741854645828792,0.7296391734208763,0.7186011760694474,0.7085418921742965,0.6993107285424224,0.0,0.0,0.0,0.0
85,0.0,0.0,0.0,0.0,0.0,0.0,0.0,0.0,0.0,0.0,0.0,0.0,0.0,0.0,0.0,0.0,0.0,0.0,0.0,0.0,0.0,0.0,0.0,0.0,0.0,0.0,0.0,0.0,0.0,0.0,0.0,0.0,0.0,0.0,0.0,0.0,0.0,0.0,0.0,0.0,0.0,0.0,0.0,0.0,0.0,0.0,0.0,0.0,0.0,0.0,0.0,0.0,0.0,0.0,0.0,0.0,0.0,0.0,0.0,0.0,0.0,0.0,0.0,0.0,0.0,0.0,0.0,0.0,0.0,0.0,0.0,0.0,0.0,0.0,0.0,0.6861626109842248,0.6976129797033906,0.7097468635215983,0.7227026426538465,0.7366641878594289,0.7518820956930556,0.7687051679447099,0.7876128619372932,0.8091046532278636,0.8311365094578552,1.0,0.8312823615441183,0.8099126909118288,0.7894077308327682,0.7717515209784015,0.7564058038286942,0.7428636337479585,0.7307554896175177,0.719814487704494,0.7098435596033325,0.7006933830399462,0.0,0.0,0.0
86,0.0,0.0,0.0,0.0,0.0,0.0,0.0,0.0,0.0,0.0,0.0,0.0,0.0,0.0,0.0,0.0,0.0,0.0,0.0,0.0,0.0,0.0,0.0,0.0,0.0,0.0,0.0,0.0,0.0,0.0,0.0,0.0,0.0,0.0,0.0,0.0,0.0,0.0,0.0,0.0,0.0,0.0,0.0,0.0,0.0,0.0,0.0,0.0,0.0,0.0,0.0,0.0,0.0,0.0,0.0,0.0,0.0,0.0,0.0,0.0,0.0,0.0,0.0,0.0,0.0,0.0,0.0,0.0,0.0,0.0,0.0,0.0,0.0,0.0,0.0,0.0,0.6876896755229908,0.6990316791593993,0.7110520553376692,0.723888093021412,0.7377221839186638,0.7528028261476954,0.7694756468427754,0.7882148024894601,0.8095092075252832,0.8312823615441183,1.0,0.831430320675084,0.8103150625494336,0.7899987441560719,0.7724984973429819,0.7572870974234938,0.7438632618577536,0.7318609314059794,0.721015554522098,0.7111317360074263,0.7020614087265127,0.0,0.0
87,0.0,0.0,0.0,0.0,0.0,0.0,0.0,0.0,0.0,0.0,0.0,0.0,0.0,0.0,0.0,0.0,0.0,0.0,0.0,0.0,0.0,0.0,0.0,0.0,0.0,0.0,0.0,0.0,0.0,0.0,0.0,0.0,0.0,0.0,0.0,0.0,0.0,0.0,0.0,0.0,0.0,0.0,0.0,0.0,0.0,0.0,0.0,0.0,0.0,0.0,0.0,0.0,0.0,0.0,0.0,0.0,0.0,0.0,0.0,0.0,0.0,0.0,0.0,0.0,0.0,0.0,0.0,0.0,0.0,0.0,0.0,0.0,0.0,0.0,0.0,0.0,0.0,0.6891994692953933,0.7004348033819038,0.7123434229915451,0.7250615373799429,0.738770074240845,0.7537154536512907,0.7702401574586196,0.7888130881115379,0.8099126909118288,0.831430320675084,1.0,0.8315802858746334,0.8107162845670417,0.7905861429262847,0.7732397522037562,0.7581608194942961,0.7448536708946973,0.7329556732704844,0.7222045814774755,0.7124066539107633,0.7034150631111431,0.0
88,0.0,0.0,0.0,0.0,0.0,0.0,0.0,0.0,0.0,0.0,0.0,0.0,0.0,0.0,0.0,0.0,0.0,0.0,0.0,0.0,0.0,0.0,0.0,0.0,0.0,0.0,0.0,0.0,0.0,0.0,0.0,0.0,0.0,0.0,0.0,0.0,0.0,0.0,0.0,0.0,0.0,0.0,0.0,0.0,0.0,0.0,0.0,0.0,0.0,0.0,0.0,0.0,0.0,0.0,0.0,0.0,0.0,0.0,0.0,0.0,0.0,0.0,0.0,0.0,0.0,0.0,0.0,0.0,0.0,0.0,0.0,0.0,0.0,0.0,0.0,0.0,0.0,0.0,0.690692317658876,0.7018226365490587,0.7136212086610818,0.7262231749082109,0.7398080137930042,0.7546200874842544,0.7709987615790791,0.7894077308327682,0.8103150625494336,0.8315802858746334,1.0,0.8317321606783662,0.8111163218758197,0.7911699432086144,0.7739753468755489,0.7590270717829429,0.7458349988878081,0.7340398859197979,0.7233817687883419,0.7136685402342426,0.7047545973209768
89,0.0,0.0,0.0,0.0,0.0,0.0,0.0,0.0,0.0,0.0,0.0,0.0,0.0,0.0,0.0,0.0,0.0,0.0,0.0,0.0,0.0,0.0,0.0,0.0,0.0,0.0,0.0,0.0,0.0,0.0,0.0,0.0,0.0,0.0,0.0,0.0,0.0,0.0,0.0,0.0,0.0,0.0,0.0,0.0,0.0,0.0,0.0,0.0,0.0,0.0,0.0,0.0,0.0,0.0,0.0,0.0,0.0,0.0,0.0,0.0,0.0,0.0,0.0,0.0,0.0,0.0,0.0,0.0,0.0,0.0,0.0,0.0,0.0,0.0,0.0,0.0,0.0,0.0,0.0,0.6921685373961887,0.7031954556557848,0.7148856487428294,0.727373200419201,0.7408361546084479,0.7555168354441592,0.7717515209784015,0.7899987441560719,0.8107162845670417,0.8317321606783662,1.0,0.8318858529007225,0.8115151419967879,0.7917501621764876,0.7747053424027456,0.7598859545067804,0.7468073812070924,0.7351137363801398,0.724547312067799,0.7149176164641914
90,0.0,0.0,0.0,0.0,0.0,0.0,0.0,0.0,0.0,0.0,0.0,0.0,0.0,0.0,0.0,0.0,0.0,0.0,0.0,0.0,0.0,0.0,0.0,0.0,0.0,0.0,0.0,0.0,0.0,0.0,0.0,0.0,0.0,0.0,0.0,0.0,0.0,0.0,0.0,0.0,0.0,0.0,0.0,0.0,0.0,0.0,0.0,0.0,0.0,0.0,0.0,0.0,0.0,0.0,0.0,0.0,0.0,0.0,0.0,0.0,0.0,0.0,0.0,0.0,0.0,0.0,0.0,0.0,0.0,0.0,0.0,0.0,0.0,0.0,0.0,0.0,0.0,0.0,0.0,0.0,0.6936284369975404,0.7045535307354281,0.7161369740135134,0.7285118044617062,0.741854645828792,0.7564058038286942,0.7724984973429819,0.7905861429262847,0.8111163218758197,0.8318858529007225,1.0,0.832041274416122,0.8119127148999401,0.7923268180080318,0.7754297995107137,0.7607375663610709,0.7477709506125086,0.7361773880862728,0.7257014024533254
91,0.0,0.0,0.0,0.0,0.0,0.0,0.0,0.0,0.0,0.0,0.0,0.0,0.0,0.0,0.0,0.0,0.0,0.0,0.0,0.0,0.0,0.0,0.0,0.0,0.0,0.0,0.0,0.0,0.0,0.0,0.0,0.0,0.0,0.0,0.0,0.0,0.0,0.0,0.0,0.0,0.0,0.0,0.0,0.0,0.0,0.0,0.0,0.0,0.0,0.0,0.0,0.0,0.0,0.0,0.0,0.0,0.0,0.0,0.0,0.0,0.0,0.0,0.0,0.0,0.0,0.0,0.0,0.0,0.0,0.0,0.0,0.0,0.0,0.0,0.0,0.0,0.0,0.0,0.0,0.0,0.0,0.6950723169322721,0.7058971250741446,0.7173754097873885,0.7296391734208763,0.7428636337479585,0.7572870974234938,0.7732397522037562,0.7911699432086144,0.8115151419967879,0.832041274416122,1.0,0.8321983409531545,0.8123090128540043,0.7928999297904985,0.7761487785624571,0.7615820045240586,0.7487258373032143,0.737231000970713
92,0.0,0.0,0.0,0.0,0.0,0.0,0.0,0.0,0.0,0.0,0.0,0.0,0.0,0.0,0.0,0.0,0.0,0.0,0.0,0.0,0.0,0.0,0.0,0.0,0.0,0.0,0.0,0.0,0.0,0.0,0.0,0.0,0.0,0.0,0.0,0.0,0.0,0.0,0.0,0.0,0.0,0.0,0.0,0.0,0.0,0.0,0.0,0.0,0.0,0.0,0.0,0.0,0.0,0.0,0.0,0.0,0.0,0.0,0.0,0.0,0.0,0.0,0.0,0.0,0.0,0.0,0.0,0.0,0.0,0.0,0.0,0.0,0.0,0.0,0.0,0.0,0.0,0.0,0.0,0.0,0.0,0.0,0.696500469910431,0.7072264954181898,0.7186011760694474,0.7307554896175177,0.7438632618577536,0.7581608194942961,0.7739753468755489,0.7917501621764876,0.8119127148999401,0.8321983409531545,1.0,0.8323569719009223,0.8127040102860587,0.7934695174319982,0.7768623395200265,0.7624193646643788,0.7496721689669205
93,0.0,0.0,0.0,0.0,0.0,0.0,0.0,0.0,0.0,0.0,0.0,0.0,0.0,0.0,0.0,0.0,0.0,0.0,0.0,0.0,0.0,0.0,0.0,0.0,0.0,0.0,0.0,0.0,0.0,0.0,0.0,0.0,0.0,0.0,0.0,0.0,0.0,0.0,0.0,0.0,0.0,0.0,0.0,0.0,0.0,0.0,0.0,0.0,0.0,0.0,0.0,0.0,0.0,0.0,0.0,0.0,0.0,0.0,0.0,0.0,0.0,0.0,0.0,0.0,0.0,0.0,0.0,0.0,0.0,0.0,0.0,0.0,0.0,0.0,0.0,0.0,0.0,0.0,0.0,0.0,0.0,0.0,0.0,0.6979131811346108,0.7085418921742965,0.719814487704494,0.7318609314059794,0.7448536708946973,0.7590270717829429,0.7747053424027456,0.7923268180080318,0.8123090128540043,0.8323569719009223,1.0,0.8325170901267115,0.8130976836502879,0.7940356015799673,0.7775705419102609,0.7632497409505198
94,0.0,0.0,0.0,0.0,0.0,0.0,0.0,0.0,0.0,0.0,0.0,0.0,0.0,0.0,0.0,0.0,0.0,0.0,0.0,0.0,0.0,0.0,0.0,0.0,0.0,0.0,0.0,0.0,0.0,0.0,0.0,0.0,0.0,0.0,0.0,0.0,0.0,0.0,0.0,0.0,0.0,0.0,0.0,0.0,0.0,0.0,0.0,0.0,0.0,0.0,0.0,0.0,0.0,0.0,0.0,0.0,0.0,0.0,0.0,0.0,0.0,0.0,0.0,0.0,0.0,0.0,0.0,0.0,0.0,0.0,0.0,0.0,0.0,0.0,0.0,0.0,0.0,0.0,0.0,0.0,0.0,0.0,0.0,0.0,0.6993107285424224,0.7098435596033325,0.721015554522098,0.7329556732704844,0.7458349988878081,0.7598859545067804,0.7754297995107137,0.7928999297904985,0.8127040102860587,0.8325170901267115,1.0,0.8326786218042297,0.8134900113052184,0.7945982035458427,0.7782734447944714
95,0.0,0.0,0.0,0.0,0.0,0.0,0.0,0.0,0.0,0.0,0.0,0.0,0.0,0.0,0.0,0.0,0.0,0.0,0.0,0.0,0.0,0.0,0.0,0.0,0.0,0.0,0.0,0.0,0.0,0.0,0.0,0.0,0.0,0.0,0.0,0.0,0.0,0.0,0.0,0.0,0.0,0.0,0.0,0.0,0.0,0.0,0.0,0.0,0.0,0.0,0.0,0.0,0.0,0.0,0.0,0.0,0.0,0.0,0.0,0.0,0.0,0.0,0.0,0.0,0.0,0.0,0.0,0.0,0.0,0.0,0.0,0.0,0.0,0.0,0.0,0.0,0.0,0.0,0.0,0.0,0.0,0.0,0.0,0.0,0.0,0.7006933830399462,0.7111317360074263,0.7222045814774755,0.7340398859197979,0.7468073812070924,0.7607375663610709,0.7761487785624571,0.7934695174319982,0.8130976836502879,0.8326786218042297,1.0,0.8328414962517064,0.8138809733988283,0.7951573452354567
96,0.0,0.0,0.0,0.0,0.0,0.0,0.0,0.0,0.0,0.0,0.0,0.0,0.0,0.0,0.0,0.0,0.0,0.0,0.0,0.0,0.0,0.0,0.0,0.0,0.0,0.0,0.0,0.0,0.0,0.0,0.0,0.0,0.0,0.0,0.0,0.0,0.0,0.0,0.0,0.0,0.0,0.0,0.0,0.0,0.0,0.0,0.0,0.0,0.0,0.0,0.0,0.0,0.0,0.0,0.0,0.0,0.0,0.0,0.0,0.0,0.0,0.0,0.0,0.0,0.0,0.0,0.0,0.0,0.0,0.0,0.0,0.0,0.0,0.0,0.0,0.0,0.0,0.0,0.0,0.0,0.0,0.0,0.0,0.0,0.0,0.0,0.7020614087265127,0.7124066539107633,0.7233817687883419,0.7351137363801398,0.7477709506125086,0.7615820045240586,0.7768623395200265,0.7940356015799673,0.8134900113052184,0.8328414962517064,1.0,0.8330056457792046,0.8142705517609703
97,0.0,0.0,0.0,0.0,0.0,0.0,0.0,0.0,0.0,0.0,0.0,0.0,0.0,0.0,0.0,0.0,0.0,0.0,0.0,0.0,0.0,0.0,0.0,0.0,0.0,0.0,0.0,0.0,0.0,0.0,0.0,0.0,0.0,0.0,0.0,0.0,0.0,0.0,0.0,0.0,0.0,0.0,0.0,0.0,0.0,0.0,0.0,0.0,0.0,0.0,0.0,0.0,0.0,0.0,0.0,0.0,0.0,0.0,0.0,0.0,0.0,0.0,0.0,0.0,0.0,0.0,0.0,0.0,0.0,0.0,0.0,0.0,0.0,0.0,0.0,0.0,0.0,0.0,0.0,0.0,0.0,0.0,0.0,0.0,0.0,0.0,0.0,0.7034150631111431,0.7136685402342426,0.724547312067799,0.7361773880862728,0.7487258373032143,0.7624193646643788,0.7775705419102609,0.7945982035458427,0.8138809733988283,0.8330056457792046,1.0,0.8331710055445426
98,0.0,0.0,0.0,0.0,0.0,0.0,0.0,0.0,0.0,0.0,0.0,0.0,0.0,0.0,0.0,0.0,0.0,0.0,0.0,0.0,0.0,0.0,0.0,0.0,0.0,0.0,0.0,0.0,0.0,0.0,0.0,0.0,0.0,0.0,0.0,0.0,0.0,0.0,0.0,0.0,0.0,0.0,0.0,0.0,0.0,0.0,0.0,0.0,0.0,0.0,0.0,0.0,0.0,0.0,0.0,0.0,0.0,0.0,0.0,0.0,0.0,0.0,0.0,0.0,0.0,0.0,0.0,0.0,0.0,0.0,0.0,0.0,0.0,0.0,0.0,0.0,0.0,0.0,0.0,0.0,0.0,0.0,0.0,0.0,0.0,0.0,0.0,0.0,0.7047545973209768,0.7149176164641914,0.7257014024533254,0.737231000970713,0.7496721689669205,0.7632497409505198,0.7782734447944714,0.7951573452354567,0.8142705517609703,0.8331710055445426,1.0
